List of songs in Glee season one,,,,,,
Title,Version covered,Performed by,Episode,Single,Album[nb 1],season
"""Where Is Love?""",Oliver!,Hank Saunders and Sandy Ryerson,"1. ""Pilot""",No,N/A,1
"""Respect""",Aretha Franklin,Mercedes Jones,"1. ""Pilot""",No,N/A,1
"""Mister Cellophane""",Chicago,Kurt Hummel,"1. ""Pilot""",No,N/A,1
"""I Kissed a Girl""",Katy Perry,Tina Cohen-Chang,"1. ""Pilot""",No,N/A,1
"""On My Own""",Les Misérables,Rachel Berry,"1. ""Pilot""",Yes,The Complete Season One,1
"""Sit Down, You're Rockin' the Boat""",Guys and Dolls,Artie Abrams with New Directions,"1. ""Pilot""",No,N/A,1
"""Can't Fight This Feeling""",REO Speedwagon,Finn Hudson,"1. ""Pilot""",Yes,Volume 1,1
"""Lovin', Touchin', Squeezin'""",Journey,Young Finn Hudson and Darren,"1. ""Pilot""",No,N/A,1
"""You're the One That I Want""",Grease,Rachel Berry and Finn Hudson with New Directions,"1. ""Pilot""",No,N/A,1
"""Rehab""",Amy Winehouse,Vocal Adrenaline,"1. ""Pilot""",Yes,The Complete Season One,1
"""Leaving on a Jet Plane""[nb 2]",John Denver,Will Schuester,"1. ""Pilot"" (Directors cut only)",Yes,Volume 1,1
"""That's the Way (I Like It)""",KC and the Sunshine Band,McKinley High Glee Club – 1993,"1. ""Pilot""",No,N/A,1
"""(Shake, Shake, Shake)",KC and the Sunshine Band,McKinley High Glee Club – 1993,"1. ""Pilot""",No,N/A,1
"Shake Your Booty""",,,,,,1
"""Don't Stop Believin'""",Journey,Rachel Berry and Finn Hudson with New Directions,"1. ""Pilot""",Yes,Volume 1,1
"""Le Freak""",Chic,New Directions,"2. ""Showmance""",No,N/A,1
"""Gold Digger""",Kanye West feat. Jamie Foxx,"Will Schuester, Mercedes Jones and Artie Abrams with New Directions","2. ""Showmance""",Yes,Volume 1,1
"""All by Myself""",Eric Carmen,Emma Pillsbury,"2. ""Showmance""",No,N/A,1
"""Push It""",Salt-n-Pepa,New Directions,"2. ""Showmance""",Yes,The Complete Season One,1
"""I Say a Little Prayer""[nb 2]",Dionne Warwick,Quinn Fabray with Santana Lopez and Brittany Pierce,"2. ""Showmance""",Yes,Volume 1,1
"""Take a Bow""",Rihanna,Rachel Berry with Mercedes Jones and Tina Cohen-Chang,"2. ""Showmance""",Yes,Volume 1,1
"""For He's a Jolly Good Fellow""",Anon,Acafellas,"3. ""Acafellas""",No,N/A,1
"""This Is How We Do It""",Montell Jordan,Acafellas,"3. ""Acafellas""",No,N/A,1
"""Poison""",Bell Biv DeVoe,Acafellas,"3. ""Acafellas""",No,N/A,1
"""Mercy""",Duffy,Vocal Adrenaline,"3. ""Acafellas""",Yes,The Complete Season One,1
"""La Camisa Negra""",Juanes,Noah Puckerman (instrumental version only),"3. ""Acafellas""",No,N/A,1
"""Bust Your Windows""",Jazmine Sullivan,Mercedes Jones,"3. ""Acafellas""",Yes,Volume 1,1
"""I Wanna Sex You Up""[nb 2]",Color Me Badd,Acafellas,"3. ""Acafellas""",Yes,Volume 1,1
"""Single Ladies (Put a Ring on It)""[nb 3]",Beyoncé,Kurt Hummel with Tina Cohen-Chang and Brittany Pierce;,"4. ""Preggers""",No,N/A,1
,,McKinley High football team,,,,1
"""Taking Chances""",Céline Dion,Rachel Berry,"4. ""Preggers""",Yes,Volume 1,1
"""Tonight""",West Side Story,Tina Cohen-Chang,"4. ""Preggers""",No,N/A,1
"""Don't Stop Believin'""",Journey,Quinn Fabray and Finn Hudson with New Directions,"5. ""The Rhodes Not Taken""",No,N/A,1
"""Maybe This Time""",Cabaret,April Rhodes and Rachel Berry,"5. ""The Rhodes Not Taken""",Yes,Volume 1,1
"""Cabaret""",Cabaret,Rachel Berry,"5. ""The Rhodes Not Taken""",No,N/A,1
"""Alone""",Heart,April Rhodes and Will Schuester,"5. ""The Rhodes Not Taken""",Yes,Volume 1,1
"""Last Name""",Carrie Underwood,April Rhodes and New Directions,"5. ""The Rhodes Not Taken""",Yes,The Complete Season One,1
"""Somebody to Love""",Queen,New Directions,"5. ""The Rhodes Not Taken""",Yes,Volume 1,1
"""It's My Life/Confessions Part II""",Bon Jovi / Usher,New Directions males,"6. ""Vitamin D""",Yes,The Complete Season One,1
"""Halo/Walking on Sunshine""",Beyoncé / Katrina and the Waves,New Directions females,"6. ""Vitamin D""",Yes,The Complete Season One,1
"""Hate on Me""",Jill Scott,"Mercedes Jones, Tina Cohen-Chang","7. ""Throwdown""",Yes,Volume 1,1
,,and New Directions: Sue's Kids,,,,1
"""Ride wit Me""",Nelly feat. City Spud,New Directions,"7. ""Throwdown""",No,N/A,1
"""No Air""",Jordin Sparks and Chris Brown,Rachel Berry and Finn Hudson with New Directions,"7. ""Throwdown""",Yes,Volume 1,1
"""You Keep Me Hangin' On""",The Supremes,Quinn Fabray,"7. ""Throwdown""",Yes,Volume 1,1
"""Keep Holding On""",Avril Lavigne,New Directions,"7. ""Throwdown""",Yes,Volume 1,1
"""Bust a Move""",Young MC,Will Schuester and New Directions,"8. ""Mash-Up""",Yes,Volume 1,1
"""Thong Song""",Sisqó,Will Schuester,"8. ""Mash-Up""",Yes,The Complete Season One,1
"""What a Girl Wants""",Christina Aguilera,Rachel Berry,"8. ""Mash-Up""",No,N/A,1
"""Sweet Caroline""",Neil Diamond,Noah Puckerman with New Directions,"8. ""Mash-Up""",Yes,Volume 1,1
"""Sing, Sing, Sing (With a Swing)""[nb 3]",Louis Prima,Sue Sylvester and Will Schuester,"8. ""Mash-Up""",No,N/A,1
"""I Could Have Danced All Night""[nb 2]",My Fair Lady,Emma Pillsbury,"8. ""Mash-Up""",Yes,Volume 1,1
"""Dancing with Myself""",Generation X,Artie Abrams,"9. ""Wheels""",Yes,Volume 1,1
"""Defying Gravity""",Wicked,Kurt Hummel and Rachel Berry,"9. ""Wheels""",Yes,Volume 1,1
"""Proud Mary""",Ike and Tina Turner,New Directions,"9. ""Wheels""",Yes,Volume 2,1
"""Endless Love""",Lionel Richie and Diana Ross,Rachel Berry and Will Schuester,"10. ""Ballad""",Yes,Volume 2,1
"""I'll Stand by You""",The Pretenders,Finn Hudson,"10. ""Ballad""",Yes,Volume 2,1
"""Don't Stand So Close to Me""/",The Police /,Will Schuester,"10. ""Ballad""",Yes,Volume 2,1
"""Young Girl""",Gary Puckett & The Union Gap,,,,,1
"""Crush""",Jennifer Paige,Rachel Berry,"10. ""Ballad""",Yes,Volume 2,1
"""(You're) Having My Baby""",Paul Anka and Odia Coates,Finn Hudson,"10. ""Ballad""",Yes,Volume 2,1
"""Lean on Me""",Bill Withers,New Directions,"10. ""Ballad""",Yes,Volume 2,1
"""Bootylicious""",Destiny's Child,Jane Addams Girls Choir,"11. ""Hairography""",Yes,The Complete Season One,1
"""Don't Make Me Over""",Dionne Warwick,Mercedes Jones,"11. ""Hairography""",Yes,Volume 2,1
"""You're the One That I Want""",Grease,Rachel Berry and Finn Hudson,"11. ""Hairography""",No,N/A,1
"""Papa Don't Preach""",Madonna,Quinn Fabray,"11. ""Hairography""",Yes,The Complete Season One,1
"""Crazy in Love/Hair""",Beyoncé feat. Jay-Z / Hair,New Directions,"11. ""Hairography""",Yes,The Complete Season One,1
"""Imagine""",John Lennon,Haverbrook Deaf Choir and New Directions,"11. ""Hairography""",Yes,Volume 2,1
"""True Colors""",Cyndi Lauper,Tina Cohen-Chang and New Directions,"11. ""Hairography""",Yes,Volume 2,1
"""Smile""",Lily Allen,Rachel Berry and Finn Hudson,"12. ""Mattress""",Yes,Volume 2,1
"""When You're Smiling""",Louis Armstrong,Rachel Berry,"12. ""Mattress""",No,N/A,1
"""Jump""",Van Halen,New Directions,"12. ""Mattress""",Yes,Volume 2,1
"""Smile""",Nat King Cole,New Directions,"12. ""Mattress""",Yes,Volume 2,1
"""And I Am Telling You I'm Not Going""",Dreamgirls,Mercedes Jones,"13. ""Sectionals""",Yes,Volume 2,1
"""And I Am Telling You I'm Not Going""",Dreamgirls,Jane Addams Girls Choir,"13. ""Sectionals""",No,N/A,1
"""Proud Mary""",Ike and Tina Turner,Jane Addams Girls Choir,"13. ""Sectionals""",No,N/A,1
"""Don't Stop Believin'""",Journey,Haverbrook Deaf Choir,"13. ""Sectionals""",No,N/A,1
"""Don't Rain on My Parade""",Funny Girl,Rachel Berry,"13. ""Sectionals""",Yes,Volume 2,1
"""You Can't Always Get What You Want""",The Rolling Stones,New Directions,"13. ""Sectionals""",Yes,Volume 2,1
"""My Life Would Suck Without You""",Kelly Clarkson,New Directions,"13. ""Sectionals""",Yes,Volume 2,1
"""Hello, I Love You""",The Doors,Finn Hudson,"14. ""Hell-O""",Yes,Love Songs,1
"""Gives You Hell""",The All-American Rejects,Rachel Berry and New Directions,"14. ""Hell-O""",Yes,Volume 3 Showstoppers,1
"""Hello""",Lionel Richie,Rachel Berry and Jesse St. James,"14. ""Hell-O""",Yes,Volume 3 Showstoppers,1
"""Hello Again""",Neil Diamond,Will Schuester,"14. ""Hell-O""",No,N/A,1
"""Highway to Hell""",AC/DC,Vocal Adrenaline,"14. ""Hell-O""",Yes,The Complete Season One,1
"""Hello, Goodbye""",The Beatles,New Directions,"14. ""Hell-O""",Yes,Volume 3 Showstoppers,1
"""Ray of Light""[nb 3]",Madonna,McKinley High Cheerios,"15. ""The Power of Madonna""",No,N/A,1
"""Express Yourself""",Madonna,New Directions females,"15. ""The Power of Madonna""",Yes,The Power of Madonna,1
"""Open Your Heart/Borderline""",Madonna,Rachel Berry and Finn Hudson,"15. ""The Power of Madonna""",Yes,The Power of Madonna,1
"""Vogue""",Madonna,Sue Sylvester,"15. ""The Power of Madonna""",Yes,The Power of Madonna,1
"""Like a Virgin""",Madonna,Finn Hudson and Santana Lopez;,"15. ""The Power of Madonna""",Yes,The Power of Madonna,1
,,Will Schuester and Emma Pillsbury;,,,,1
,,Rachel Berry and Jesse St. James,,,,1
"""4 Minutes""",Madonna feat.,Kurt Hummel and Mercedes Jones,"15. ""The Power of Madonna""",Yes,The Power of Madonna,1
,Justin Timberlake and Timbaland,,,,,1
"""What It Feels Like for a Girl""",Madonna,Will Schuester and New Directions males,"15. ""The Power of Madonna""",Yes,The Power of Madonna,1
"""Like a Prayer""",Madonna,New Directions,"15. ""The Power of Madonna""",Yes,The Power of Madonna,1
"""Fire""",Bruce Springsteen,April Rhodes and Will Schuester,"16. ""Home""",Yes,The Complete Season One,1
"""A House Is Not a Home""",Dionne Warwick,Kurt Hummel with Finn Hudson,"16. ""Home""",Yes,Volume 3 Showstoppers,1
"""One Less Bell to Answer/",The 5th Dimension/Dionne Warwick,April Rhodes and Will Schuester,"16. ""Home""",Yes,Volume 3 Showstoppers,1
"A House Is Not a Home""",,,,,,1
"""Beautiful""",Christina Aguilera,Mercedes Jones and New Directions,"16. ""Home""",Yes,Volume 3 Showstoppers,1
"""Home""[nb 4]",The Wiz,April Rhodes and New Directions,"16. ""Home""",Yes,Volume 3 Showstoppers,1
"""Ice Ice Baby""",Vanilla Ice,Will Schuester and New Directions,"17. ""Bad Reputation""",Yes,The Complete Season One,1
"""U Can't Touch This""",MC Hammer,"Artie Abrams, Kurt Hummel, Mercedes Jones, Tina Cohen-Chang and Brittany Pierce","17. ""Bad Reputation""",Yes,The Complete Season One,1
"""Physical""",Olivia Newton-John,Sue Sylvester and Olivia Newton-John,"17. ""Bad Reputation""",Yes,Volume 3 Showstoppers,1
"""Run Joey Run""",David Geddes,"Rachel Berry, Noah Puckerman, Jesse St. James and Finn Hudson with Santana Lopez and Brittany Pierce","17. ""Bad Reputation""",Yes,The Complete Season One,1
"""Total Eclipse of the Heart""",Bonnie Tyler,"Rachel Berry, Finn Hudson,","17. ""Bad Reputation""",Yes,Volume 3 Showstoppers,1
,,Jesse St. James and Noah Puckerman,,,,1
"""The Climb""",Miley Cyrus,Rachel Berry,"18. ""Laryngitis""",No,N/A,1
"""Jessie's Girl""",Rick Springfield,Finn Hudson,"18. ""Laryngitis""",Yes,The Complete Season One,1
"""The Lady Is a Tramp""","Sammy Davis, Jr.",Noah Puckerman and Mercedes Jones,"18. ""Laryngitis""",Yes,Volume 3 Showstoppers,1
"""Pink Houses""",John Mellencamp,Kurt Hummel,"18. ""Laryngitis""",No,N/A,1
"""The Boy Is Mine""",Brandy and Monica,Mercedes Jones and Santana Lopez,"18. ""Laryngitis""",Yes,Love Songs,1
"""Rose's Turn""[nb 4]",Gypsy: A Musical Fable,Kurt Hummel,"18. ""Laryngitis""",Yes,Volume 3 Showstoppers,1
"""One""",U2,"Rachel Berry, Sean Fretthold, Finn Hudson and New Directions","18. ""Laryngitis""",Yes,Volume 3 Showstoppers,1
"""Daydream Believer""",The Monkees,Bryan Ryan,"19. ""Dream On""",No,N/A,1
"""Piano Man""",Billy Joel,Will Schuester and Bryan Ryan,"19. ""Dream On""",No,N/A,1
"""Big Spender""",Sweet Charity,Auditioning woman,"19. ""Dream On""",No,N/A,1
"""Dream On""",Aerosmith,Will Schuester and Bryan Ryan,"19. ""Dream On""",Yes,Volume 3 Showstoppers,1
"""The Safety Dance""",Men Without Hats,Artie Abrams,"19. ""Dream On""",Yes,Volume 3 Showstoppers,1
"""I Dreamed a Dream""",Les Misérables,Rachel Berry and Shelby Corcoran,"19. ""Dream On""",Yes,Volume 3 Showstoppers,1
"""Dream a Little Dream of Me""",The Mamas and the Papas,Artie Abrams and New Directions,"19. ""Dream On""",Yes,Love Songs,1
"""Funny Girl""",Barbra Streisand,Shelby Corcoran,"20. ""Theatricality""",Yes,The Complete Season One,1
"""Bad Romance""",Lady Gaga,New Directions females with Kurt Hummel,"20. ""Theatricality""",Yes,Volume 3 Showstoppers,1
"""Shout It Out Loud""",Kiss,New Directions males except Kurt Hummel,"20. ""Theatricality""",Yes,The Complete Season One,1
"""Beth""[nb 4]",Kiss,New Directions males except Kurt Hummel,"20. ""Theatricality""",Yes,Volume 3 Showstoppers,1
"""Poker Face""[nb 4]",Lady Gaga,Rachel Berry and Shelby Corcoran,"20. ""Theatricality""",Yes,Volume 3 Showstoppers,1
"""Another One Bites the Dust""",Queen,Vocal Adrenaline,"21. ""Funk""",Yes,The Complete Season One,1
"""Tell Me Something Good""",Rufus and Chaka Khan,Will Schuester,"21. ""Funk""",Yes,Love Songs,1
"""Loser""[nb 4]",Beck,"Noah Puckerman, Finn Hudson, Sandy Ryerson, Howard Bamboo and Terri Schuester","21. ""Funk""",Yes,Volume 3 Showstoppers,1
"""It's a Man's Man's Man's World""",James Brown,Quinn Fabray,"21. ""Funk""",Yes,The Complete Season One,1
"""Good Vibrations""",Marky Mark and the Funky Bunch,"Noah Puckerman, Finn Hudson and Mercedes Jones","21. ""Funk""",Yes,The Complete Season One,1
,feat. Loleatta Holloway,,,,,1
"""Give Up the Funk""",Parliament,New Directions,"21. ""Funk""",Yes,Volume 3 Showstoppers,1
"""You Raise Me Up"" / ""Magic""",Josh Groban / Olivia Newton-John,Aural Intensity,"22. ""Journey to Regionals""",No,N/A,1
"""Faithfully""",Journey,"Rachel Berry, Finn Hudson and New Directions","22. ""Journey to Regionals""",Yes,Journey to Regionals,1
"""Any Way You Want It"" / ""Lovin', Touchin', Squeezin'""",Journey,New Directions,"22. ""Journey to Regionals""",Yes,Journey to Regionals,1
"""Don't Stop Believin'""",Journey,New Directions,"22. ""Journey to Regionals""",Yes,Journey to Regionals,1
"""Bohemian Rhapsody""",Queen,Vocal Adrenaline,"22. ""Journey to Regionals""",Yes,Journey to Regionals,1
"""To Sir, with Love""",Lulu,New Directions,"22. ""Journey to Regionals""",Yes,Journey to Regionals,1
"""Over the Rainbow""",Israel Kamakawiwo?ole,Will Schuester and Noah Puckerman,"22. ""Journey to Regionals""",Yes,Journey to Regionals,1
"""Empire State of Mind""",Jay-Z feat. Alicia Keys,"Santana Lopez, Noah Puckerman, Mercedes Jones, Finn Hudson, Rachel Berry and Artie Abrams with New Directions","1. ""Audition""",Yes,Volume 4,2
"""Every Rose Has Its Thorn""",Poison,Sam Evans,"1. ""Audition""",No,TBA,2
"""Telephone""",Lady Gaga feat. Beyoncé,Sunshine Corazon and Rachel Berry,"1. ""Audition""",Yes,The Complete Season Two,2
"""Getting to Know You""",The King and I,Tina Cohen-Chang,"1. ""Audition""",No,TBA,2
"""Billionaire""",Travie McCoy feat. Bruno Mars,Sam Evans with New Directions males except Kurt Hummel,"1. ""Audition""",Yes,Volume 4,2
"""The Power""[nb 1]",Snap!,Finn Hudson,"1. ""Audition""",No,TBA,2
"""Listen""",Dreamgirls,Sunshine Corazon,"1. ""Audition""",Yes,The Complete Season Two,2
"""What I Did for Love""",A Chorus Line,Rachel Berry,"1. ""Audition""",Yes,Love Songs,2
"""I'm a Slave 4 U""",Britney Spears,Brittany S. Pierce,"2. ""Britney/Brittany""",Yes,Dance Party,2
"""Me Against the Music""",Britney Spears feat. Madonna,Brittany S. Pierce and Santana Lopez,"2. ""Britney/Brittany""",Yes,Volume 4,2
"""...Baby One More Time""",Britney Spears,Rachel Berry,"2. ""Britney/Brittany""",Yes,The Complete Season Two,2
"""Sailing""",Christopher Cross,Will Schuester,"2. ""Britney/Brittany""",No,TBA,2
"""Stronger""",Britney Spears,Artie Abrams with McKinley High Titans,"2. ""Britney/Brittany""",Yes,Volume 4,2
"""Toxic""",Britney Spears,"Brittany S. Pierce, Santana Lopez, Will Schuester, Rachel Berry and Tina Cohen-Chang with New Directions","2. ""Britney/Brittany""",Yes,Volume 4,2
"""The Only Exception""",Paramore,"Rachel Berry with Quinn Fabray, Mercedes Jones and Santana Lopez","2. ""Britney/Brittany""",Yes,Volume 4,2
"""Only the Good Die Young""",Billy Joel,Noah Puckerman with New Directions,"3. ""Grilled Cheesus""",Yes,The Complete Season Two,2
"""I Look to You""",Whitney Houston,Mercedes Jones with Quinn Fabray and Tina Cohen-Chang,"3. ""Grilled Cheesus""",Yes,The Complete Season Two,2
"""Papa, Can You Hear Me?""",Barbra Streisand,Rachel Berry,"3. ""Grilled Cheesus""",Yes,The Complete Season Two,2
"""I Want to Hold Your Hand""",The Beatles,Kurt Hummel,"3. ""Grilled Cheesus""",Yes,Volume 4,2
"""Losing My Religion""",R.E.M.,Finn Hudson,"3. ""Grilled Cheesus""",Yes,The Complete Season Two,2
"""Bridge over Troubled Water""",Aretha Franklin,Mercedes Jones with church choir,"3. ""Grilled Cheesus""",Yes,The Complete Season Two,2
"""One of Us""",Joan Osborne,New Directions,"3. ""Grilled Cheesus""",Yes,Volume 4,2
"""Don't Go Breaking My Heart""",Elton John and Kiki Dee,Rachel Berry and Finn Hudson,"4. ""Duets""",Yes,Love Songs,2
"""River Deep – Mountain High""",Ike & Tina Turner,Mercedes Jones and Santana Lopez,"4. ""Duets""",Yes,Volume 4,2
"""Le Jazz Hot!""",Victor/Victoria,Kurt Hummel,"4. ""Duets""",Yes,The Complete Season Two,2
"""Sing!""",A Chorus Line,Mike Chang and Tina Cohen-Chang with New Directions,"4. ""Duets""",Yes,The Complete Season Two,2
"""With You I'm Born Again""",Billy Preston and Syreeta Wright,Rachel Berry and Finn Hudson,"4. ""Duets""",No,TBA,2
"""Lucky""",Jason Mraz and Colbie Caillat,Sam Evans and Quinn Fabray,"4. ""Duets""",Yes,Volume 4,2
"""Get Happy"" / ""Happy Days Are Here Again""",Judy Garland and Barbra Streisand,Rachel Berry and Kurt Hummel,"4. ""Duets""",Yes,The Complete Season Two,2
"""Science Fiction/Double Feature""",The Rocky Horror Show,Santana Lopez,"5. ""The Rocky Horror Glee Show""",Yes,The Rocky Horror Glee Show,2
"""Over at the Frankenstein Place""",The Rocky Horror Show,Rachel Berry and Finn Hudson with New Directions,"5. ""The Rocky Horror Glee Show""",Yes,The Rocky Horror Glee Show,2
"""Dammit Janet""",The Rocky Horror Show,"Finn Hudson and Rachel Berry with Quinn Fabray, Kurt Hummel and Mercedes Jones","5. ""The Rocky Horror Glee Show""",Yes,The Rocky Horror Glee Show,2
"""Hot Patootie - Bless My Soul""",The Rocky Horror Show,Carl Howell with New Directions,"5. ""The Rocky Horror Glee Show""",Yes,The Rocky Horror Glee Show,2
"""Sweet Transvestite""",The Rocky Horror Show,Mercedes Jones with Brittany S. Pierce and Santana Lopez,"5. ""The Rocky Horror Glee Show""",Yes,The Rocky Horror Glee Show,2
"""Touch-a, Touch-a, Touch-a, Touch Me""",The Rocky Horror Show,"Emma Pillsbury, Santana Lopez and Brittany S. Pierce with Will Schuester, Kurt Hummel, Carl Howell and Finn Hudson","5. ""The Rocky Horror Glee Show""",Yes,The Rocky Horror Glee Show,2
"""Time Warp""",The Rocky Horror Show,New Directions,"5. ""The Rocky Horror Glee Show""",Yes,The Rocky Horror Glee Show,2
"""One Love/People Get Ready""",Bob Marley & The Wailers,Noah Puckerman and Artie Abrams,"6. ""Never Been Kissed""",Yes,Volume 4,2
"""Teenage Dream"" [nb 2]",Katy Perry,Dalton Academy Warblers,"6. ""Never Been Kissed""",Yes,Volume 4,2
"""Start Me Up"" / ""Livin' On A Prayer""",The Rolling Stones / Bon Jovi,New Directions females,"6. ""Never Been Kissed""",Yes,The Complete Season Two,2
"""Stop! In The Name Of Love"" / ""Free Your Mind""",The Supremes / En Vogue,New Directions males,"6. ""Never Been Kissed""",Yes,The Complete Season Two,2
"""Conjunction Junction""",Schoolhouse Rock!,Holly Holliday,"7. ""The Substitute""",No,TBA,2
"""Forget You""",Cee Lo Green,"Holly Holliday, Artie Abrams, Mercedes Jones and Santana Lopez with New Directions except Rachel Berry","7. ""The Substitute""",Yes,Volume 4,2
"""Make 'Em Laugh""",Donald O'Connor,Will Schuester with Mike Chang,"7. ""The Substitute""",Yes,The Complete Season Two,2
"""Nowadays / Hot Honey Rag""",Chicago,Holly Holliday and Rachel Berry,"7. ""The Substitute""",Yes,The Complete Season Two,2
"""Singin' In The Rain"" / ""Umbrella""",Gene Kelly / Rihanna feat. Jay-Z,Holly Holliday and Will Schuester with New Directions,"7. ""The Substitute""",Yes,The Complete Season Two,2
"""Ohio""",Wonderful Town,Sue Sylvester and Doris Sylvester,"8. ""Furt""",Yes,The Complete Season Two,2
"""Marry You""",Bruno Mars,New Directions,"8. ""Furt""",Yes,Volume 4,2
"""Sway""",Michael Bublé,Will Schuester,"8. ""Furt""",Yes,Volume 4,2
"""Just The Way You Are""",Bruno Mars,Finn Hudson with New Directions,"8. ""Furt""",Yes,Volume 4,2
"""Don't Cry For Me Argentina""",Evita,Rachel Berry and Kurt Hummel,"9. ""Special Education""",Yes,The Complete Season Two,2
"""The Living Years""",Mike + The Mechanics,The Hipsters,"9. ""Special Education""",Yes,The Complete Season Two,2
"""Hey, Soul Sister""",Train,Dalton Academy Warblers,"9. ""Special Education""",Yes,Presents the Warblers,2
"""(I've Had) The Time of My Life""",Bill Medley and Jennifer Warnes,"Sam Evans and Quinn Fabray with Santana Lopez, Mercedes Jones and New Directions","9. ""Special Education""",Yes,Volume 4,2
"""Valerie""",Mark Ronson feat. Amy Winehouse,Santana Lopez with New Directions,"9. ""Special Education""",Yes,Volume 4,2
"""Dog Days Are Over""",Florence and the Machine,Tina Cohen-Chang and Mercedes Jones with New Directions,"9. ""Special Education""",Yes,The Complete Season Two,2
"""The Most Wonderful Day of the Year""",Rudolph the Red-Nosed Reindeer,"Artie Abrams, Brittany S. Pierce, Quinn Fabray, Sam Evans and Tina Cohen-Chang with New Directions","10. ""A Very Glee Christmas""",Yes,The Christmas Album,2
"""We Need a Little Christmas""",Mame,Mercedes Jones with New Directions,"10. ""A Very Glee Christmas""",Yes,The Christmas Album,2
"""Merry Christmas Darling""",The Carpenters,Rachel Berry,"10. ""A Very Glee Christmas""",Yes,The Christmas Album,2
"""Baby, It's Cold Outside""",Frank Loesser and Lynn Garland,Kurt Hummel and Blaine Anderson,"10. ""A Very Glee Christmas""",Yes,The Christmas Album,2
"""You're a Mean One, Mr. Grinch""",How the Grinch Stole Christmas!,Will Schuester and k.d. lang,"10. ""A Very Glee Christmas""",Yes,The Christmas Album,2
"""Last Christmas""",Wham!,Rachel Berry and Finn Hudson,"10. ""A Very Glee Christmas""",Yes,The Christmas Album,2
"""Welcome Christmas""",How the Grinch Stole Christmas!,New Directions,"10. ""A Very Glee Christmas""",Yes,The Complete Season Two,2
"""California Gurls""[nb 1]",Katy Perry feat. Snoop Dogg,McKinley High Cheerios,"11. ""The Sue Sylvester Shuffle""",No,TBA,2
"""Need You Now""",Lady Antebellum,Rachel Berry and Noah Puckerman,"11. ""The Sue Sylvester Shuffle""",Yes,Volume 5,2
"""She's Not There""",The Zombies,New Direction Males with McKinley High Titans,"11. ""The Sue Sylvester Shuffle""",Yes,Volume 5,2
"""Bills, Bills, Bills""",Destiny's Child,Dalton Academy Warblers,"11. ""The Sue Sylvester Shuffle""",Yes,Presents the Warblers,2
"""Thriller"" / ""Heads Will Roll""",Michael Jackson / Yeah Yeah Yeahs,"Santana Lopez, Artie Abrams and Finn Hudson with New Directions and McKinley High Titans","11. ""The Sue Sylvester Shuffle""",Yes,Volume 5,2
"""Fat Bottomed Girls""",Queen,Noah Puckerman with New Directions males,"12. ""Silly Love Songs""",Yes,Volume 5,2
"""P.Y.T. (Pretty Young Thing)""",Michael Jackson,Artie Abrams with Mike Chang and New Directions,"12. ""Silly Love Songs""",Yes,Volume 5,2
"""When I Get You Alone""",Robin Thicke,Dalton Academy Warblers,"12. ""Silly Love Songs""",Yes,Presents the Warblers,2
"""My Funny Valentine""",Babes in Arms,Tina Cohen-Chang,"12. ""Silly Love Songs""",No,TBA,2
"""Firework""",Katy Perry,Rachel Berry with New Directions females,"12. ""Silly Love Songs""",Yes,Volume 5,2
"""Silly Love Songs""",Wings,Dalton Academy Warblers,"12. ""Silly Love Songs""",Yes,Presents the Warblers,2
"""Baby""",Justin Bieber feat. Ludacris,Sam Evans,"13. ""Comeback""",Yes,Volume 5,2
"""Somebody to Love""",Justin Bieber,"Sam Evans, Artie Abrams, Noah Puckerman and Mike Chang","13. ""Comeback""",Yes,Volume 5,2
"""Take Me or Leave Me""",Rent,Rachel Berry and Mercedes Jones,"13. ""Comeback""",Yes,Volume 5,2
"""This Little Light of Mine""",Traditional,"Will Schuester, Sue Sylvester and pediatric patients","13. ""Comeback""",No,TBA,2
"""I Know What Boys Like""",The Waitresses,Lauren Zizes with Brittany S. Pierce and Tina Cohen-Chang,"13. ""Comeback""",Yes,Dance Party,2
"""Sing""",My Chemical Romance,Rachel Berry and Finn Hudson with New Directions and Sue Sylvester,"13. ""Comeback""",Yes,Volume 5,2
"""My Headband""",Original composition,Rachel Berry,"14. ""Blame It on the Alcohol""",No,TBA,2
"""Don't You Want Me""",The Human League,Rachel Berry and Blaine Anderson,"14. ""Blame It on the Alcohol""",Yes,Volume 5,2
"""Blame It""",Jamie Foxx feat. T-Pain,"Artie Abrams, Noah Puckerman, Mercedes Jones and Santana Lopez with New Directions","14. ""Blame It on the Alcohol""",Yes,Dance Party,2
"""One Bourbon, One Scotch, One Beer""",George Thorogood,Shannon Beiste and Will Schuester,"14. ""Blame It on the Alcohol""",Yes,The Complete Season Two,2
"""Tik Tok""",Ke$ha,Brittany S. Pierce with New Directions,"14. ""Blame It on the Alcohol""",Yes,Dance Party,2
"""Do You Wanna Touch Me (Oh Yeah)""[nb 3]",Joan Jett,Holly Holliday with New Directions,"15. ""Sexy""",Yes,Volume 5,2
"""Animal""",Neon Trees,"Blaine Anderson, Kurt Hummel and the Dalton Academy Warblers","15. ""Sexy""",Yes,Presents the Warblers,2
"""Kiss""",Prince and The Revolution,Will Schuester and Holly Holliday,"15. ""Sexy""",Yes,Volume 5,2
"""Landslide""",Fleetwood Mac and Dixie Chicks,Holly Holliday with Santana Lopez and Brittany S. Pierce,"15. ""Sexy""",Yes,Volume 5,2
"""Afternoon Delight""[nb 4]",Starland Vocal Band,"Carl Howell, Noah Puckerman, Rachel Berry, Emma Pillsbury and Quinn Fabray","15. ""Sexy""",Yes,The Complete Season Two,2
"""Misery""",Maroon 5,Dalton Academy Warblers,"16. ""Original Song""",Yes,Presents the Warblers,2
"""Only Child""",Original composition,Rachel Berry,"16. ""Original Song""",No,TBA,2
"""Blackbird""",The Beatles,Kurt Hummel with the Dalton Academy Warblers,"16. ""Original Song""",Yes,Presents the Warblers,2
"""Trouty Mouth""",Original composition,Santana Lopez,"16. ""Original Song""",Yes,The Complete Season Two,2
"""Big Ass Heart""",Original composition,Noah Puckerman,"16. ""Original Song""",Yes,The Complete Season Two,2
"""Hell to the No""",Original composition,"Mercedes Jones with Tina Cohen-Chang, Santana Lopez, Brittany S. Pierce and Lauren Zizes","16. ""Original Song""",Yes,The Complete Season Two,2
"""Jesus Is My Friend""",Sonseed,Aural Intensity,"16. ""Original Song""",No,TBA,2
"""Candles""",Hey Monday,"Blaine Anderson, Kurt Hummel and the Dalton Academy Warblers","16. ""Original Song""",Yes,Presents the Warblers,2
"""Raise Your Glass""",Pink,Dalton Academy Warblers,"16. ""Original Song""",Yes,Presents the Warblers,2
"""Get It Right""",Original composition,"Rachel Berry with Brittany S. Pierce, Tina Cohen-Chang and New Directions females","16. ""Original Song""",Yes,Volume 5,2
"""Loser like Me""",Original composition,"Rachel Berry, Santana Lopez, Finn Hudson and Brittany S. Pierce with New Directions","16. ""Original Song""",Yes,Volume 5,2
"""All by Myself""",Céline Dion,Sunshine Corazon,"17. ""A Night of Neglect""",Yes,The Complete Season Two,2
"""I Follow Rivers""",Lykke Li,Tina Cohen-Chang,"17. ""A Night of Neglect""",Yes,The Complete Season Two,2
"""Bubble Toes""[nb 1]",Jack Johnson,Mike Chang,"17. ""A Night of Neglect""",No,TBA,2
"""Turning Tables""",Adele,Holly Holliday,"17. ""A Night of Neglect""",Yes,Volume 6,2
"""Ain't No Way""",Aretha Franklin,Mercedes Jones with church choir,"17. ""A Night of Neglect""",Yes,The Complete Season Two,2
"""I Feel Pretty"" / ""Unpretty""",West Side Story / TLC,Quinn Fabray and Rachel Berry,"18. ""Born This Way""",Yes,Volume 6,2
"""I've Gotta Be Me""","Sammy Davis, Jr.",Finn Hudson with Mike Chang,"18. ""Born This Way""",Yes,The Complete Season Two,2
"""Somewhere Only We Know""",Keane,Blaine Anderson with Dalton Academy Warblers,"18. ""Born This Way""",Yes,Presents the Warblers,2
"""As If We Never Said Goodbye""",Sunset Boulevard,Kurt Hummel,"18. ""Born This Way""",Yes,Volume 6,2
"""Barbra Streisand""[nb 1]",Duck Sauce,New Directions with mall flash mob,"18. ""Born This Way""",No,TBA,2
"""Born This Way""",Lady Gaga,"Tina Cohen-Chang, Mercedes Jones, and Kurt Hummel with New Directions","18. ""Born This Way""",Yes,Volume 6,2
"""Dreams""",Fleetwood Mac,April Rhodes and Will Schuester,"19. ""Rumours""",Yes,Volume 6,2
"""Never Going Back Again""",Fleetwood Mac,Artie Abrams,"19. ""Rumours""",Yes,The Complete Season Two,2
"""Songbird""",Fleetwood Mac,Santana Lopez,"19. ""Rumours""",Yes,Volume 6,2
"""I Don't Want to Know""",Fleetwood Mac,Quinn Fabray and Finn Hudson,"19. ""Rumours""",Yes,The Complete Season Two,2
"""Nice to Meet You, Have I Slept with You?""",Original composition,April Rhodes and Will Schuester,"19. ""Rumours""",No,TBA,2
"""Go Your Own Way""",Fleetwood Mac,Rachel Berry,"19. ""Rumours""",Yes,Volume 6,2
"""Don't Stop""",Fleetwood Mac,"Sam Evans, Quinn Fabray, Finn Hudson and Rachel Berry with New Directions","19. ""Rumours""",Yes,Volume 6,2
"""Rolling in the Deep""",Adele covered by John Legend,Rachel Berry and Jesse St. James with the AV club,"20. ""Prom Queen""",Yes,Volume 6,2
"""Isn't She Lovely?""",Stevie Wonder,"Artie Abrams with Finn Hudson, Sam Evans, Noah Puckerman and Mike Chang","20. ""Prom Queen""",Yes,Volume 6,2
"""Friday""",Rebecca Black,"Artie Abrams, Sam Evans and Noah Puckerman","20. ""Prom Queen""",Yes,The Complete Season Two,2
"""Jar of Hearts""",Christina Perri,Rachel Berry,"20. ""Prom Queen""",Yes,The Complete Season Two,2
"""I'm Not Gonna Teach Your Boyfriend How to Dance with You""",Black Kids,Blaine Anderson with Tina Cohen-Chang and Brittany S. Pierce,"20. ""Prom Queen""",Yes,Dance Party,2
"""Dancing Queen""",ABBA,Santana Lopez and Mercedes Jones,"20. ""Prom Queen""",Yes,Volume 6,2
"""Back to Black""",Amy Winehouse,Santana Lopez,"21. ""Funeral""",Yes,The Complete Season Two,2
"""Some People""",Gypsy: A Musical Fable,Kurt Hummel,"21. ""Funeral""",Yes,The Complete Season Two,2
"""Try a Little Tenderness""",Otis Redding,Mercedes Jones,"21. ""Funeral""",Yes,Volume 6,2
"""My Man""",Barbra Streisand,Rachel Berry,"21. ""Funeral""",Yes,Volume 6,2
"""Pure Imagination""",Willy Wonka & the Chocolate Factory,"Tina Cohen-Chang, Kurt Hummel, Finn Hudson and Artie Abrams with New Directions","21. ""Funeral""",Yes,Volume 6,2
"""My Cup""",Original composition,Brittany S. Pierce and Artie Abrams,"22. ""New York""",Yes,The Complete Season Two,2
"""I Love New York"" / ""New York, New York""",Madonna / On the Town,"Finn Hudson, Santana Lopez, Artie Abrams, Mercedes Jones, Rachel Berry and Brittany S. Pierce with New Directions","22. ""New York""",Yes,The Complete Season Two,2
"""Still Got Tonight""",Matthew Morrison,Will Schuester,"22. ""New York""",No,Matthew Morrison,2
"""Bella Notte""",Lady and the Tramp,"Noah Puckerman, Sam Evans, Mike Chang and Artie Abrams","22. ""New York""",Yes,Volume 6,2
"""For Good""",Wicked,Rachel Berry and Kurt Hummel,"22. ""New York""",Yes,The Complete Season Two,2
"""Yeah!""",Usher feat. Lil Jon and Ludacris,Unnamed female a cappella group,"22. ""New York""",Yes,Dance Party,2
"""As Long as You're There""",Original composition,Sunshine Corazon with Vocal Adrenaline,"22. ""New York""",Yes,Volume 6,2
"""Pretending""",Original composition,Rachel Berry and Finn Hudson,"22. ""New York""",Yes,Volume 6,2
"""Light Up the World""",Original composition,"Santana Lopez, Artie Abrams, Brittany S. Pierce, Rachel Berry, Finn Hudson and Tina Cohen-Chang with New Directions","22. ""New York""",Yes,Volume 6,2
"""We Got the Beat""",The Go-Gos,"Rachel Berry, Santana Lopez and Brittany Pierce with New Directions","1. ""The Purple Piano Project""",Yes,The Complete Season Three,3
"""Big Spender""",Sweet Charity,Sugar Motta,"1. ""The Purple Piano Project""",No,TBA,3
"""Ding-Dong! The Witch Is Dead""",Barbra Streisand and Harold Arlen,Rachel Berry and Kurt Hummel,"1. ""The Purple Piano Project""",Yes,The Complete Season Three,3
"""It's Not Unusual""",Tom Jones,Blaine Anderson with the McKinley High Cheerios,"1. ""The Purple Piano Project""",Yes,Volume 7,3
"""Anything Goes"" / ""Anything You Can Do""",Anything Goes / Annie Get Your Gun,Harmony and prospective NYADA applicants,"1. ""The Purple Piano Project""",Yes,The Complete Season Three,3
"""You Can't Stop the Beat""",Hairspray,"Rachel Berry, Tina Cohen-Chang, Mercedes Jones, Kurt Hummel, Artie Abrams, and Finn Hudson with New Directions","1. ""The Purple Piano Project""",Yes,Volume 7,3
"""Somewhere""",West Side Story,Rachel Berry and Shelby Corcoran,"2. ""I Am Unicorn""",Yes,Volume 7,3
"""I'm the Greatest Star""",Funny Girl,Kurt Hummel,"2. ""I Am Unicorn""",Yes,The Complete Season Three,3
"""Something's Coming""",West Side Story,Blaine Anderson,"2. ""I Am Unicorn""",Yes,The Complete Season Three,3
"""Spotlight""",Jennifer Hudson,Mercedes Jones with Tina Cohen-Chang and Brittany Pierce,"3. ""Asian F""",Yes,The Complete Season Three,3
"""Run the World (Girls)""",Beyoncé,Brittany Pierce and Santana Lopez with McKinley High females,"3. ""Asian F""",Yes,Volume 7,3
"""Cool""",West Side Story,Mike Chang with the McKinley High Titans,"3. ""Asian F""",Yes,The Complete Season Three,3
"""It's All Over""",Dreamgirls,Mercedes Jones with New Directions Booty Camp and Will Schuester,"3. ""Asian F""",Yes,The Complete Season Three,3
"""Out Here on My Own""",Fame,Rachel Berry and Mercedes Jones,"3. ""Asian F""",Yes,The Complete Season Three,3
"""Fix You""",Coldplay,Will Schuester with Artie Abrams and New Directions,"3. ""Asian F""",Yes,Volume 7,3
"""Bein' Green""",The Muppets,Rory Flanagan,"4. ""Pot o' Gold""",Yes,The Complete Season Three,3
"""Last Friday Night (T.G.I.F.)""",Katy Perry,Blaine Anderson and New Directions except Santana Lopez,"4. ""Pot o' Gold""",Yes,Volume 7,3
"""Waiting for a Girl Like You""",Foreigner,Noah Puckerman,"4. ""Pot o' Gold""",Yes,The Complete Season Three,3
"""Candyman""",Christina Aguilera,"Mercedes Jones, Santana Lopez and Brittany Pierce with the Troubletones","4. ""Pot o' Gold""",Yes,The Complete Season Three,3
"""Take Care of Yourself""[nb 1]",Teddy Thompson,Rory Flanagan,"4. ""Pot o' Gold""",Yes,Volume 7,3
"""Tonight""",West Side Story,Rachel Berry and Blaine Anderson,"5. ""The First Time""",Yes,Volume 7,3
"""Uptown Girl""",Billy Joel,Dalton Academy Warblers,"5. ""The First Time""",Yes,Volume 7,3
"""A Boy Like That""",West Side Story,Santana Lopez and Rachel Berry,"5. ""The First Time""",Yes,The Complete Season Three,3
"""I Have a Love""[nb 2]",West Side Story,Rachel Berry and Santana Lopez,"5. ""The First Time""",Yes,The Complete Season Three,3
"""America""",West Side Story,"Santana Lopez and Noah Puckerman with Tina Cohen-Chang, Mike Chang, Sharks and Jets","5. ""The First Time""",Yes,The Complete Season Three,3
"""One Hand, One Heart""",West Side Story,Blaine Anderson and Rachel Berry,"5. ""The First Time""",Yes,The Complete Season Three,3
"""Hot for Teacher""",Van Halen,"Noah Puckerman with Finn Hudson, Blaine Anderson and Mike Chang","6. ""Mash Off""",Yes,Volume 7,3
"""You and I"" / ""You and I""",Lady Gaga / Eddie Rabbitt and Crystal Gayle,Shelby Corcoran and Will Schuester,"6. ""Mash Off""",Yes,The Complete Season Three,3
"""Hit Me with Your Best Shot"" / ""One Way or Another""",Pat Benatar / Blondie,Santana Lopez and Finn Hudson with New Directions and the Troubletones,"6. ""Mash Off""",Yes,The Complete Season Three,3
"""I Can't Go for That (No Can Do)"" / ""You Make My Dreams""",Hall & Oates,"Finn Hudson, Quinn Fabray, Rory Flanagan and Tina Cohen-Chang with New Directions","6. ""Mash Off""",Yes,The Complete Season Three,3
"""Rumour Has It"" / ""Someone Like You""",Adele,"Mercedes Jones, Santana Lopez and Brittany Pierce with the Troubletones","6. ""Mash Off""",Yes,Volume 7,3
"""Perfect""[nb 1]",Pink,Kurt Hummel and Blaine Anderson,"7. ""I Kissed a Girl""",Yes,Volume 7,3
"""I'm the Only One""[nb 1]",Melissa Etheridge,Noah Puckerman,"7. ""I Kissed a Girl""",Yes,Volume 7,3
"""Girls Just Want to Have Fun""",Cyndi Lauper,Finn Hudson with New Directions males,"7. ""I Kissed a Girl""",Yes,Volume 7,3
"""Jolene""",Dolly Parton,Shannon Beiste,"7. ""I Kissed a Girl""",Yes,The Complete Season Three,3
"""I Kissed a Girl""[nb 1]",Katy Perry,"Santana Lopez and Rachel Berry with Tina Cohen-Chang, Quinn Fabray, Mercedes Jones, Sugar Motta and Brittany Pierce","7. ""I Kissed a Girl""",Yes,Volume 7,3
"""Constant Craving""",k.d. lang,Santana Lopez and Shelby Corcoran with Kurt Hummel,"7. ""I Kissed a Girl""",Yes,Volume 7,3
"""Red Solo Cup""[nb 1]",Toby Keith,"Sam Evans with Quinn Fabray, Mike Chang, Noah Puckerman, Tina Cohen-Chang and New Directions","8. ""Hold on to Sixteen""",Yes,Volume 7,3
"""Buenos Aires""",Evita,Harmony and the Unitards,"8. ""Hold on to Sixteen""",Yes,The Complete Season Three,3
"""Survivor"" / ""I Will Survive""",Destiny's Child / Gloria Gaynor,"Santana Lopez, Mercedes Jones and Brittany Pierce with the Troubletones","8. ""Hold on to Sixteen""",Yes,The Complete Season Three,3
"""ABC""",The Jackson 5,"Tina Cohen-Chang, Mike Chang, Kurt Hummel and Quinn Fabray with New Directions","8. ""Hold on to Sixteen""",Yes,Volume 7,3
"""Control""",Janet Jackson,"Quinn Fabray, Blaine Anderson and Artie Abrams with New Directions","8. ""Hold on to Sixteen""",Yes,Volume 7,3
"""Man in the Mirror""",Michael Jackson,"Finn Hudson, Artie Abrams, Noah Puckerman, Blaine Anderson, Sam Evans and Mike Chang with New Directions","8. ""Hold on to Sixteen""",Yes,Volume 7,3
"""We Are Young""",fun. feat. Janelle Monáe,"Rachel Berry, Finn Hudson, Sam Evans, Santana Lopez, Mercedes Jones and Quinn Fabray with New Directions","8. ""Hold on to Sixteen""",Yes,The Graduation Album,3
"""All I Want for Christmas Is You""",Mariah Carey,Mercedes Jones with New Directions Girls,"9. ""Extraordinary Merry Christmas""",Yes,The Christmas Album Volume 2,3
"""Blue Christmas""",Elvis Presley,Rory Flanagan,"9. ""Extraordinary Merry Christmas""",Yes,The Christmas Album Volume 2,3
"""River""",Joni Mitchell,Rachel Berry,"9. ""Extraordinary Merry Christmas""",Yes,The Christmas Album Volume 2,3
"""Extraordinary Merry Christmas""",Original composition,Blaine Anderson and Rachel Berry with New Directions,"9. ""Extraordinary Merry Christmas""",Yes,The Christmas Album Volume 2,3
"""Let It Snow""",Vaughn Monroe,Blaine Anderson and Kurt Hummel,"9. ""Extraordinary Merry Christmas""",Yes,The Christmas Album Volume 2,3
"""My Favorite Things""",The Sound of Music,"Rachel Berry, Mercedes Jones, Kurt Hummel and Blaine Anderson","9. ""Extraordinary Merry Christmas""",Yes,The Complete Season Three,3
"""Santa Claus Is Coming to Town""",Bruce Springsteen and the E Street Band,"Finn Hudson and Noah Puckerman with Rachel Berry, Mercedes Jones, Kurt Hummel and Blaine Anderson","9. ""Extraordinary Merry Christmas""",Yes,The Christmas Album Volume 2,3
"""Christmas Wrapping""",The Waitresses,"Brittany Pierce with Santana Lopez, Tina Cohen-Chang, Mike Chang and the McKinley High Cheerios","9. ""Extraordinary Merry Christmas""",Yes,The Christmas Album Volume 2,3
"""Do They Know It's Christmas?""",Band Aid,New Directions,"9. ""Extraordinary Merry Christmas""",Yes,The Christmas Album Volume 2,3
"""Summer Nights""",Grease,Sam Evans and Mercedes Jones with New Directions,"10. ""Yes/No""",Yes,Presents Glease,3
"""Wedding Bell Blues""",The 5th Dimension,Emma Pillsbury with Shannon Beiste and Sue Sylvester,"10. ""Yes/No""",Yes,The Complete Season Three,3
"""Moves Like Jagger"" / ""Jumpin' Jack Flash""",Maroon 5 feat. Christina Aguilera / The Rolling Stones,"Artie Abrams with Mike Chang, Will Schuester, Blaine Anderson, Finn Hudson and Noah Puckerman","10. ""Yes/No""",Yes,The Complete Season Three,3
"""The First Time Ever I Saw Your Face""",Roberta Flack,"Rachel Berry, Tina Cohen-Chang, Santana Lopez and Mercedes Jones","10. ""Yes/No""",Yes,The Complete Season Three,3
"""Without You""",David Guetta feat. Usher,Rachel Berry,"10. ""Yes/No""",Yes,The Complete Season Three,3
"""We Found Love""",Rihanna feat. Calvin Harris,Rachel Berry and Santana Lopez with New Directions,"10. ""Yes/No""",Yes,The Complete Season Three,3
"""Wanna Be Startin' Somethin'""",Michael Jackson,Blaine Anderson with New Directions,"11. ""Michael""",Yes,The Complete Season Three,3
"""Bad""",Michael Jackson,"Artie Abrams, Blaine Anderson and Santana Lopez with New Directions and Dalton Academy Warblers","11. ""Michael""",Yes,The Complete Season Three,3
"""Scream""",Michael Jackson and Janet Jackson,Artie Abrams and Mike Chang,"11. ""Michael""",Yes,The Complete Season Three,3
"""Never Can Say Goodbye""",The Jackson 5,Quinn Fabray,"11. ""Michael""",Yes,The Complete Season Three,3
"""Human Nature""",Michael Jackson,Mercedes Jones and Sam Evans,"11. ""Michael""",Yes,The Complete Season Three,3
"""Ben""",Michael Jackson,"Kurt Hummel, Rachel Berry and Finn Hudson","11. ""Michael""",Yes,The Complete Season Three,3
"""Smooth Criminal""",Michael Jackson,Sebastian Smythe and Santana Lopez with the Dalton Cellists,"11. ""Michael""",Yes,The Complete Season Three,3
"""I Just Can't Stop Loving You""",Michael Jackson feat. Siedah Garrett,Finn Hudson and Rachel Berry,"11. ""Michael""",Yes,The Complete Season Three,3
"""Black or White""",Michael Jackson,"Artie Abrams, Rachel Berry, Santana Lopez, Kurt Hummel and Mercedes Jones with New Directions and Dalton Academy Warblers","11. ""Michael""",Yes,The Complete Season Three,3
"""La Cucaracha""",Traditional,"Will Schuester with Artie Abrams, Finn Hudson and Noah Puckerman","12. ""The Spanish Teacher""",No,TBA,3
"""Sexy and I Know It""",LMFAO,David Martinez and Artie Abrams with New Directions,"12. ""The Spanish Teacher""",Yes,The Complete Season Three,3
"""Don't Wanna Lose You""",Gloria Estefan,Mercedes Jones,"12. ""The Spanish Teacher""",Yes,The Complete Season Three,3
"""Bamboleo"" / ""Hero""",Gipsy Kings / Enrique Iglesias,Sam Evans and New Directions males,"12. ""The Spanish Teacher""",Yes,The Complete Season Three,3
"""La Isla Bonita""",Madonna,David Martinez and Santana Lopez,"12. ""The Spanish Teacher""",Yes,The Complete Season Three,3
"""A Little Less Conversation""",Elvis Presley,Will Schuester with Brittany Pierce and Mike Chang,"12. ""The Spanish Teacher""",Yes,The Complete Season Three,3
"""Chapel of Love""",The Dixie Cups,Hiram Berry and LeRoy Berry,"13. ""Heart""",No,TBA,3
"""L-O-V-E""",Nat King Cole,Mike Chang and Tina Cohen-Chang,"13. ""Heart""",Yes,The Complete Season Three,3
"""Let Me Love You""",Mario,"Artie Abrams with Mike Chang, Sam Evans, Kurt Hummel and Noah Puckerman","13. ""Heart""",Yes,The Complete Season Three,3
"""Stereo Hearts""",Gym Class Heroes feat. Adam Levine,"Joe Hart, Sam Evans and Mercedes Jones with Quinn Fabray and Mercedes' church choir","13. ""Heart""",Yes,The Complete Season Three,3
"""Home""",Michael Bublé,Rory Flanagan,"13. ""Heart""",Yes,The Complete Season Three,3
"""I Will Always Love You""",Whitney Houston,Mercedes Jones,"13. ""Heart""",Yes,The Complete Season Three,3
"""You're the Top""",Anything Goes,"Hiram Berry, LeRoy Berry and Rachel Berry","13. ""Heart""",Yes,The Complete Season Three,3
"""Cherish"" / ""Cherish""",The Association / Madonna,"Quinn Fabray, Sam Evans, Joe Hart and Mercedes Jones","13. ""Heart""",Yes,The Complete Season Three,3
"""Love Shack""",The B-52's,"Blaine Anderson, Mercedes Jones and Kurt Hummel with Rachel Berry, Brittany Pierce and the Sugar Shack patrons","13. ""Heart""",Yes,The Complete Season Three,3
"""Cough Syrup""",Young the Giant,Blaine Anderson,"14. ""On My Way""",Yes,The Complete Season Three,3
"""Stand""",Lenny Kravitz,Dalton Academy Warblers,"14. ""On My Way""",Yes,The Complete Season Three,3
"""Glad You Came""",The Wanted,Dalton Academy Warblers,"14. ""On My Way""",Yes,The Complete Season Three,3
"""She Walks in Beauty""",Lord Byron,The Golden Goblets,"14. ""On My Way""",No,TBA,3
"""Fly"" / ""I Believe I Can Fly""",Nicki Minaj feat. Rihanna /,"Rachel Berry, Artie Abrams, Santana Lopez, Blaine Anderson, Finn Hudson and Mercedes Jones with New Directions","14. ""On My Way""",Yes,The Complete Season Three,3
,R. Kelly,,,,,3
"""Stronger (What Doesn't Kill You)""",Kelly Clarkson,"Santana Lopez, Brittany Pierce and Mercedes Jones with the Troubletones as New Directions","14. ""On My Way""",Yes,The Complete Season Three,3
"""Here's to Us""",Halestorm,Rachel Berry with New Directions,"14. ""On My Way""",Yes,The Complete Season Three,3
"""I'm Still Standing""",Elton John,Quinn Fabray and Artie Abrams,"15. ""Big Brother""",Yes,The Complete Season Three,3
"""Hungry Like the Wolf"" / ""Rio""",Duran Duran,Blaine Anderson and Cooper Anderson with New Directions,"15. ""Big Brother""",Yes,The Complete Season Three,3
"""Fighter""",Christina Aguilera,Blaine Anderson,"15. ""Big Brother""",Yes,The Complete Season Three,3
"""Up Up Up""",Givers,Artie Abrams and Quinn Fabray,"15. ""Big Brother""",Yes,The Complete Season Three,3
"""Somebody That I Used to Know""",Gotye feat. Kimbra,Blaine Anderson and Cooper Anderson,"15. ""Big Brother""",Yes,The Complete Season Three,3
"""You Should Be Dancing""",Bee Gees,"Blaine Anderson, Mike Chang and Brittany Pierce","16. ""Saturday Night Glee-ver""",Yes,The Complete Season Three,3
"""That's the Way (I Like It)""[nb 3]",KC and the Sunshine Band,1993 McKinley High Glee Club,"16. ""Saturday Night Glee-ver""",No,TBA,3
"""Night Fever""",Bee Gees,"Will Schuester, Joe Hart and Blaine Anderson with New Directions and Sue Sylvester","16. ""Saturday Night Glee-ver""",Yes,The Complete Season Three,3
"""Disco Inferno""",The Trammps,Mercedes Jones with Santana Lopez and Brittany Pierce,"16. ""Saturday Night Glee-ver""",Yes,The Complete Season Three,3
"""If I Can't Have You""",Yvonne Elliman,Santana Lopez with New Directions,"16. ""Saturday Night Glee-ver""",Yes,The Complete Season Three,3
"""How Deep Is Your Love""",Bee Gees,Rachel Berry with the New Directions band,"16. ""Saturday Night Glee-ver""",Yes,The Complete Season Three,3
"""Boogie Shoes""",KC and the Sunshine Band,"Wade ""Unique"" Adams and Vocal Adrenaline","16. ""Saturday Night Glee-ver""",Yes,The Complete Season Three,3
"""More Than a Woman""",Bee Gees,"Finn Hudson with Rachel Berry, Blaine Anderson, Kurt Hummel, Santana Lopez, Brittany Pierce, Mike Chang, Tina Cohen-Chang and New Directions","16. ""Saturday Night Glee-ver""",Yes,The Complete Season Three,3
"""Stayin' Alive""",Bee Gees,"Finn Hudson, Mercedes Jones and Santana Lopez with New Directions and Sue Sylvester","16. ""Saturday Night Glee-ver""",Yes,The Complete Season Three,3
"""How Will I Know""",Whitney Houston,"Mercedes Jones, Santana Lopez, Kurt Hummel and Rachel Berry","17. ""Dance with Somebody""",Yes,The Complete Season Three,3
"""I Wanna Dance with Somebody (Who Loves Me)""",Whitney Houston,Brittany Pierce and Santana Lopez with the McKinley High Cheerios,"17. ""Dance with Somebody""",Yes,The Complete Season Three,3
"""Saving All My Love for You""",Whitney Houston,Joe Hart and Quinn Fabray,"17. ""Dance with Somebody""",Yes,The Complete Season Three,3
"""So Emotional""",Whitney Houston,Santana Lopez and Rachel Berry,"17. ""Dance with Somebody""",Yes,The Complete Season Three,3
"""It's Not Right but It's Okay""",Whitney Houston,Blaine Anderson with New Directions except Kurt Hummel,"17. ""Dance with Somebody""",Yes,The Complete Season Three,3
"""I Have Nothing""",Whitney Houston,Kurt Hummel,"17. ""Dance with Somebody""",Yes,The Complete Season Three,3
"""My Love Is Your Love""",Whitney Houston,"Artie Abrams, Mercedes Jones, Blaine Anderson and Kurt Hummel with New Directions","17. ""Dance with Somebody""",Yes,The Complete Season Three,3
"""The Music of the Night""",The Phantom of the Opera,Kurt Hummel with Tina Cohen-Chang,"18. ""Choke""",No,TBA,3
"""School's Out""",Alice Cooper,Noah Puckerman,"18. ""Choke""",Yes,The Graduation Album,3
"""Cell Block Tango""",Chicago,"Tina Cohen-Chang, Santana Lopez, Sugar Motta, Mercedes Jones, and Brittany Pierce","18. ""Choke""",Yes,The Complete Season Three,3
"""Not the Boy Next Door""",The Boy from Oz,"Kurt Hummel with Tina Cohen-Chang, Mercedes Jones and Brittany Pierce","18. ""Choke""",Yes,The Complete Season Three,3
"""Don't Rain on My Parade""[nb 4]",Funny Girl,Rachel Berry,"18. ""Choke""",No,TBA,3
"""The Rain in Spain""",My Fair Lady,"Noah Puckerman, Finn Hudson, Blaine Anderson and Mike Chang with Sam Evans, Rory Flanagan and Joe Hart","18. ""Choke""",Yes,The Complete Season Three,3
"""Shake It Out""",Florence + the Machine,"Santana Lopez, Tina Cohen-Chang and Mercedes Jones","18. ""Choke""",Yes,The Complete Season Three,3
"""Cry""",Kelly Clarkson,Rachel Berry,"18. ""Choke""",Yes,The Complete Season Three,3
"""Big Girls Don't Cry""",Fergie,"Rachel Berry, Kurt Hummel and Blaine Anderson","19. ""Prom-asaurus""",Yes,The Complete Season Three,3
"""Dinosaur""",Ke$ha,Brittany Pierce with the McKinley High Cheerios,"19. ""Prom-asaurus""",Yes,The Complete Season Three,3
"""Love You Like a Love Song""",Selena Gomez & the Scene,Santana Lopez with Tina Cohen-Chang and Brittany Pierce,"19. ""Prom-asaurus""",Yes,The Complete Season Three,3
"""What Makes You Beautiful""",One Direction,"Joe Hart, Rory Flanagan, Artie Abrams, Sam Evans and Mike Chang","19. ""Prom-asaurus""",Yes,The Complete Season Three,3
"""Take My Breath Away""",Berlin,Quinn Fabray and Santana Lopez,"19. ""Prom-asaurus""",Yes,The Complete Season Three,3
"""I Won't Give Up""",Jason Mraz,Rachel Berry,"20. ""Props""",Yes,The Graduation Album,3
"""Because You Loved Me""",Celine Dion,Tina Cohen-Chang as Rachel Berry,"20. ""Props""",Yes,The Complete Season Three,3
"""Always True to You in My Fashion""","Kiss Me, Kate",Carmen Tibideaux's pupil,"20. ""Props""",No,TBA,3
"""Mean""",Taylor Swift,Noah Puckerman and Shannon Beiste,"20. ""Props""",Yes,The Complete Season Three,3
"""Flashdance... What a Feeling""",Irene Cara,Rachel Berry and Tina Cohen-Chang,"20. ""Props""",Yes,The Complete Season Three,3
"""The Edge of Glory""",Lady Gaga,"Santana Lopez, Mercedes Jones, Tina Cohen-Chang, Quinn Fabray, and the Troubletones as New Directions","21. ""Nationals""",Yes,The Graduation Album,3
"""It's All Coming Back to Me Now""",Celine Dion,"Rachel Berry with Blaine Anderson, Mike Chang, Tina Cohen-Chang, Quinn Fabray, Rory Flanagan and Sugar Motta","21. ""Nationals""",Yes,The Complete Season Three,3
"""Paradise by the Dashboard Light""",Meat Loaf,New Directions,"21. ""Nationals""",Yes,The Complete Season Three,3
"""Starships""",Nicki Minaj,"Wade ""Unique"" Adams and Vocal Adrenaline","21. ""Nationals""",Yes,The Complete Season Three,3
"""Pinball Wizard""",The Who,"Wade ""Unique"" Adams and Vocal Adrenaline","21. ""Nationals""",Yes,The Complete Season Three,3
"""Starlight Express""",Starlight Express,The Portland Scale Blazers,"21. ""Nationals""",No,TBA,3
"""Tongue Tied""",Grouplove,"Artie Abrams, Santana Lopez, Rachel Berry and Finn Hudson with New Directions","21. ""Nationals""",Yes,The Complete Season Three,3
"""We Are the Champions""",Queen,"Finn Hudson, Noah Puckerman, Santana Lopez, Rachel Berry, Kurt Hummel, Quinn Fabray, Mike Chang, and Mercedes Jones with New Directions","21. ""Nationals""",Yes,The Graduation Album,3
"""Sit Down, You're Rockin' the Boat""[nb 5]",Guys and Dolls,"Artie Abrams, Rachel Berry, Tina Cohen-Chang, Kurt Hummel and Mercedes Jones","22. ""Goodbye""",No,TBA,3
"""Forever Young""",Rod Stewart,Will Schuester,"22. ""Goodbye""",Yes,The Graduation Album,3
"""Single Ladies (Put a Ring on It)""[nb 5][nb 6]",Beyoncé,Burt Hummel with Tina Cohen-Chang and Brittany Pierce,"22. ""Goodbye""",No,TBA,3
"""I'll Remember""",Madonna,Kurt Hummel and New Directions,"22. ""Goodbye""",Yes,The Graduation Album,3
"""You Get What You Give""",New Radicals,Graduating members of New Directions,"22. ""Goodbye""",Yes,The Graduation Album,3
"""In My Life""",The Beatles,New Directions underclassmen and Will Schuester,"22. ""Goodbye""",Yes,The Complete Season Three,3
"""Glory Days""",Bruce Springsteen,Finn Hudson and Noah Puckerman,"22. ""Goodbye""",Yes,The Graduation Album,3
"""Roots Before Branches""",Room for Two,Rachel Berry with Finn Hudson,"22. ""Goodbye""",Yes,The Graduation Album,3
"""Sister Christian""",Night Ranger,Brody Weston,"1. ""The New Rachel""",No,No,4
"""Call Me Maybe""",Carly Rae Jepsen,"Wade ""Unique"" Adams, Blaine Anderson, Tina Cohen-Chang and Brittany Pierce","1. ""The New Rachel""",Yes,The Complete Season Four[5],4
"""Americano"" / ""Dance Again""[nb 1]",Lady Gaga / Jennifer Lopez feat. Pitbull,Cassandra July with NYADA students,"1. ""The New Rachel""",Yes,"Season 4, Volume 1",4
"""Busters Get Popped""",Original composition,Stoner Brett Bukowski,"1. ""The New Rachel""",No,No,4
"""Never Say Never""",The Fray,Jake Puckerman,"1. ""The New Rachel""",Yes,The Complete Season Four[5],4
"""Ave Maria""",Franz Schubert,Beatrice McClaine,"1. ""The New Rachel""",No,No,4
"""New York State of Mind""",Billy Joel,Rachel Berry and Marley Rose,"1. ""The New Rachel""",Yes,"Season 4, Volume 1",4
"""It's Time""",Imagine Dragons,Blaine Anderson,"1. ""The New Rachel""",Yes,"Season 4, Volume 1",4
"""Chasing Pavements""",Adele,Marley Rose with New Directions,"1. ""The New Rachel""",Yes,The Complete Season Four[5],4
"""Hold It Against Me""",Britney Spears,Brittany Pierce and Kitty Wilde with the McKinley High Cheerios,"2. ""Britney 2.0""",Yes,Britney 2.0,4
"""Boys"" / ""Boyfriend""",Britney Spears feat. Pharrell Williams / Justin Bieber,Artie Abrams and Blaine Anderson,"2. ""Britney 2.0""",Yes,Britney 2.0,4
"""Womanizer""",Britney Spears,"Wade ""Unique"" Adams, Tina Cohen-Chang and Marley Rose with McKinley's female gym class","2. ""Britney 2.0""",Yes,Britney 2.0,4
"""3""",Britney Spears,"Tina Cohen-Chang, Joe Hart and Sam Evans","2. ""Britney 2.0""",Yes,Britney 2.0,4
"""Crazy"" / ""(You Drive Me) Crazy""",Aerosmith / Britney Spears,Marley Rose and Jake Puckerman,"2. ""Britney 2.0""",Yes,Britney 2.0,4
"""Oops!... I Did It Again""",Britney Spears,Rachel Berry with Brody Weston and NYADA students,"2. ""Britney 2.0""",Yes,Britney 2.0,4
"""Gimme More""",Britney Spears,Brittany Pierce with New Directions,"2. ""Britney 2.0""",Yes,Britney 2.0,4
"""Everytime""",Britney Spears,Marley Rose,"2. ""Britney 2.0""",Yes,Britney 2.0,4
"""Everybody Wants to Rule the World""",Tears for Fears,Blaine Anderson,"3. ""Makeover""",Yes,The Complete Season Four[5],4
"""Celebrity Skin""",Hole,Brittany Pierce and Sam Evans,"3. ""Makeover""",Yes,The Complete Season Four[5],4
"""The Way You Look Tonight"" / ""You're Never Fully Dressed Without a Smile""",Fred Astaire / Annie,"Isabelle Wright, Kurt Hummel and Rachel Berry","3. ""Makeover""",Yes,The Complete Season Four[5],4
"""A Change Would Do You Good""",Sheryl Crow,Rachel Berry and Brody Weston,"3. ""Makeover""",Yes,The Complete Season Four[5],4
"""Barely Breathing""",Duncan Sheik,Blaine Anderson and Finn Hudson,"4. ""The Break Up""",Yes,The Complete Season Four[5],4
"""Give Your Heart a Break""",Demi Lovato,Rachel Berry and Brody Weston,"4. ""The Break Up""",Yes,"Season 4, Volume 1",4
"""Teenage Dream"" (Acoustic Version)",Katy Perry,Blaine Anderson,"4. ""The Break Up""",Yes,The Complete Season Four[5],4
"""Don't Speak""",No Doubt,"Finn Hudson, Blaine Anderson, Rachel Berry and Kurt Hummel","4. ""The Break Up""",Yes,The Complete Season Four[5],4
"""Mine""",Taylor Swift,Santana Lopez,"4. ""The Break Up""",Yes,"Season 4, Volume 1",4
"""The Scientist""",Coldplay,"Finn Hudson, Blaine Anderson, Santana Lopez, Kurt Hummel, Brittany Pierce, Will Schuester, Emma Pillsbury and Rachel Berry","4. ""The Break Up""",Yes,"Season 4, Volume 1",4
"""Hopelessly Devoted to You""",Grease,Blaine Anderson,"5. ""The Role You Were Born to Play""",Yes,Presents Glease,4
"""Blow Me (One Last Kiss)""",Pink,"Wade ""Unique"" Adams and Marley Rose","5. ""The Role You Were Born to Play""",Yes,The Complete Season Four[5],4
"""Juke Box Hero""",Foreigner,Finn Hudson and Ryder Lynn,"5. ""The Role You Were Born to Play""",Yes,The Complete Season Four[5],4
"""Everybody Talks""",Neon Trees,Jake Puckerman and Kitty Wilde,"5. ""The Role You Were Born to Play""",Yes,"Season 4, Volume 1",4
"""Born to Hand Jive""",Grease,"Mercedes Jones, Marley Rose, Jake Puckerman and Ryder Lynn with Wade ""Unique"" Adams, Mike Chang, Sam Evans, Joe Hart, Sugar Motta, Brittany Pierce and Kitty Wilde","5. ""The Role You Were Born to Play""",Yes,Presents Glease,4
"""Greased Lightnin'""",Grease,"Ryder Lynn and Sam Evans with Artie Abrams, Mike Chang, Joe Hart, Finn Hudson and Jake Puckerman","6. ""Glease""",Yes,Presents Glease,4
"""Look at Me, I'm Sandra Dee""",Grease,"Kitty Wilde with Wade ""Unique"" Adams, Tina Cohen-Chang, Sugar Motta and Brittany Pierce","6. ""Glease""",Yes,Presents Glease,4
"""Beauty School Dropout""",Grease,"Blaine Anderson with Tina Cohen-Chang, Santana Lopez, Sugar Motta, Brittany Pierce and Kitty Wilde","6. ""Glease""",Yes,Presents Glease,4
"""Look at Me, I'm Sandra Dee (Reprise)""",Grease,Marley Rose,"6. ""Glease""",Yes,Presents Glease,4
"""There Are Worse Things I Could Do""",Grease,"Santana Lopez, Cassandra July and Wade ""Unique"" Adams","6. ""Glease""",Yes,Presents Glease,4
"""You're the One That I Want""",Grease,"Ryder Lynn, Marley Rose, Finn Hudson, Rachel Berry, Santana Lopez, Blaine Anderson, Kurt Hummel and Brittany Pierce","6. ""Glease""",Yes,Presents Glease,4
"""Dark Side""",Kelly Clarkson,Blaine Anderson with Dalton Academy Warblers,"7. ""Dynamic Duets""",Yes,"Season 4, Volume 1",4
"""Superman""",R.E.M.,Jake Puckerman and Ryder Lynn,"7. ""Dynamic Duets""",Yes,The Complete Season Four[5],4
"""Holding Out for a Hero""",Bonnie Tyler,Kitty Wilde and Marley Rose with New Directions,"7. ""Dynamic Duets""",Yes,"Season 4, Volume 1",4
"""Heroes""",David Bowie,Sam Evans and Blaine Anderson,"7. ""Dynamic Duets""",Yes,"Season 4, Volume 1",4
"""Some Nights""",fun.,New Directions,"7. ""Dynamic Duets""",Yes,"Season 4, Volume 1",4
"""Homeward Bound"" / ""Home""",Simon & Garfunkel / Phillip Phillips,"Quinn Fabray, Noah Puckerman, Mike Chang, Santana Lopez, Mercedes Jones and Finn Hudson","8. ""Thanksgiving""",Yes,"Season 4, Volume 1",4
"""Come See About Me""",The Supremes,"Quinn Fabray, Santana Lopez and Brittany Pierce","8. ""Thanksgiving""",Yes,The Complete Season Four[5],4
"""Whistle""",Flo Rida,Hunter Clarington with Dalton Academy Warblers,"8. ""Thanksgiving""",Yes,The Complete Season Four[5],4
"""Live While We're Young""",One Direction,Sebastian Smythe with Dalton Academy Warblers,"8. ""Thanksgiving""",Yes,"Season 4, Volume 1",4
"""Let's Have a Kiki"" / ""Turkey Lurkey Time""[nb 1][nb 2]","Scissor Sisters / Promises, Promises","Isabelle Wright, Kurt Hummel and Rachel Berry with Isabelle's party guests and Brody Weston","8. ""Thanksgiving""",Yes,"Season 4, Volume 1",4
"""Over the River and Through the Wood"" / ""She'll Be Coming 'Round the Mountain""",Lydia Maria Child / Traditional,The Rosedale Mennonites,"8. ""Thanksgiving""",No,No,4
"""Gangnam Style""",PSY,Tina Cohen-Chang with New Directions,"8. ""Thanksgiving""",Yes,"Season 4, Volume 1",4
"""Somethin' Stupid""[nb 1]",Frank Sinatra and Nancy Sinatra,Sam Evans and Brittany Pierce,"9. ""Swan Song""",Yes,"Season 4, Volume 1",4
"""All That Jazz""",Chicago,Cassandra July and Rachel Berry with NYADA students,"9. ""Swan Song""",Yes,The Complete Season Four[5],4
"""Being Good Isn't Good Enough""",Barbra Streisand,Rachel Berry,"9. ""Swan Song""",Yes,The Complete Season Four[5],4
"""O Holy Night""",Traditional,Rachel Berry,"9. ""Swan Song""",Yes,The Christmas Album,4
"""Being Alive""",Company,Kurt Hummel,"9. ""Swan Song""",Yes,The Complete Season Four[5],4
"""Don't Dream It's Over""",Crowded House,"Finn Hudson, Marley Rose, Tina Cohen-Chang, Blaine Anderson, Sam Evans and Brittany Pierce with New Directions","9. ""Swan Song""",Yes,The Complete Season Four[5],4
"""Feliz Navidad""",José Feliciano,Artie Abrams,"10. ""Glee, Actually""",Yes,The Christmas Album Volume 3,4
"""White Christmas""",Bing Crosby with Ken Darby and John Scott Trotter,Blaine Anderson and Kurt Hummel,"10. ""Glee, Actually""",Yes,The Christmas Album Volume 3,4
"""Oh Hanukkah""",Barenaked Ladies,Jake Puckerman and Noah Puckerman,"10. ""Glee, Actually""",Yes,The Christmas Album Volume 3,4
"""Jingle Bell Rock""",Bobby Helms,Sam Evans with the McKinley High Cheerios,"10. ""Glee, Actually""",Yes,The Christmas Album Volume 3,4
"""The First Noël""",Traditional,Marley Rose,"10. ""Glee, Actually""",Yes,The Christmas Album Volume 3,4
"""Have Yourself a Merry Little Christmas""",Judy Garland,"Marley Rose, Noah Puckerman, Jake Puckerman, Sam Evans, Brittany Pierce, Blaine Anderson and Kurt Hummel with Finn Hudson and New Directions","10. ""Glee, Actually""",Yes,The Christmas Album Volume 3,4
"""I Don't Know How to Love Him""",Jesus Christ Superstar,Tina Cohen-Chang,"11. ""Sadie Hawkins""",Yes,The Complete Season Four[5],4
"""Baby Got Back""",Jonathan Coulton,Adam's Apples,"11. ""Sadie Hawkins""",Yes,The Complete Season Four[5],4
"""Tell Him""",The Exciters,Marley Rose and Brittany Pierce with New Directions females,"11. ""Sadie Hawkins""",Yes,The Complete Season Four[5],4
"""No Scrubs""",TLC,"Artie Abrams, Blaine Anderson, Ryder Lynn, Sam Evans and Joe Hart","11. ""Sadie Hawkins""",Yes,The Complete Season Four[5],4
"""Locked Out of Heaven""",Bruno Mars,"Marley Rose and Wade ""Unique"" Adams with Tina Cohen-Chang, Sugar Motta and Brittany Pierce","11. ""Sadie Hawkins""",Yes,The Complete Season Four[5],4
"""I Only Have Eyes for You""",The Flamingos,Ryder Lynn with Artie Abrams and Joe Hart,"11. ""Sadie Hawkins""",Yes,The Complete Season Four[5],4
"""Torn""",Natalie Imbruglia,Rachel Berry,"12. ""Naked""",Yes,The Complete Season Four[5],4
"""Centerfold"" / ""Hot in Herre""",The J. Geils Band / Nelly,"Sam Evans, Jake Puckerman, Ryder Lynn, and Kitty Wilde with Blaine Anderson, Joe Hart and the McKinley High Cheerios","12. ""Naked""",Yes,The Complete Season Four[5],4
"""A Thousand Years""",Christina Perri,Marley Rose and Jake Puckerman,"12. ""Naked""",Yes,The Complete Season Four[5],4
"""Let Me Love You (Until You Learn to Love Yourself)""",Ne-Yo,Jake Puckerman,"12. ""Naked""",Yes,The Complete Season Four[5],4
"""Love Song""",Sara Bareilles,"Rachel Berry, Quinn Fabray and Santana Lopez","12. ""Naked""",Yes,The Complete Season Four[5],4
"""This Is the New Year""",A Great Big World,New Directions,"12. ""Naked""",Yes,The Complete Season Four[5],4
"""Diva""",Beyoncé,"Wade ""Unique"" Adams, Brittany Pierce and Tina Cohen-Chang with Blaine Anderson, Marley Rose and Kitty Wilde","13. ""Diva""",Yes,The Complete Season Four[5],4
"""Don't Stop Me Now""",Queen,Blaine Anderson with New Directions,"13. ""Diva""",Yes,The Complete Season Four[5],4
"""Nutbush City Limits""",Ike & Tina Turner,Santana Lopez with Louisville cheerleaders,"13. ""Diva""",Yes,The Complete Season Four[5],4
"""Make No Mistake, She's Mine""",Kenny Rogers and Ronnie Milsap,Santana Lopez and Sam Evans,"13. ""Diva""",Yes,The Complete Season Four[5],4
"""Bring Him Home""",Les Misérables,Kurt Hummel and Rachel Berry,"13. ""Diva""",Yes,The Complete Season Four[5],4
"""Hung Up""",Madonna,Tina Cohen-Chang,"13. ""Diva""",Yes,The Complete Season Four[5],4
"""Girl on Fire""",Alicia Keys,Santana Lopez,"13. ""Diva""",Yes,The Complete Season Four[5],4
"""You're All I Need to Get By""",Marvin Gaye and Tammi Terrell,"Jake Puckerman and Marley Rose with Artie Abrams, Sam Evans and Ryder Lynn","14. ""I Do""",Yes,The Complete Season Four[5],4
"""Getting Married Today""",Company,"Will Schuester, Emma Pillsbury and Mercedes Jones with the wedding congregation","14. ""I Do""",Yes,The Complete Season Four[5],4
"""Just Can't Get Enough""",Depeche Mode,Blaine Anderson and Kurt Hummel with Brittany Pierce and Marley Rose,"14. ""I Do""",Yes,The Complete Season Four[5],4
"""We've Got Tonite""",Kenny Rogers and Sheena Easton,"Finn Hudson, Rachel Berry, Kurt Hummel, Blaine Anderson, Marley Rose, Jake Puckerman, Quinn Fabray, Santana Lopez, Artie Abrams and Betty Pillsbury","14. ""I Do""",Yes,The Complete Season Four[5],4
"""Anything Could Happen""",Ellie Goulding,"Marley Rose, Artie Abrams and Jake Puckerman with New Directions","14. ""I Do""",Yes,The Complete Season Four[5],4
"""You're All the World to Me""",Royal Wedding,Will Schuester and Emma Pillsbury,"15. ""Girls (and Boys) On Film""",Yes,The Complete Season Four[5],4
"""Shout""",The Isley Brothers,Blaine Anderson and Brittany Pierce with New Directions,"15. ""Girls (and Boys) On Film""",Yes,The Complete Season Four[5],4
"""Come What May""",Nicole Kidman and Ewan McGregor,Blaine Anderson and Kurt Hummel,"15. ""Girls (and Boys) On Film""",Yes,The Complete Season Four[5],4
"""Old Time Rock and Roll"" / ""Danger Zone""",Bob Seger / Kenny Loggins,Blaine Anderson and Sam Evans with New Directions males,"15. ""Girls (and Boys) On Film""",Yes,The Complete Season Four[5],4
"""Diamonds Are a Girl's Best Friend"" / ""Material Girl""",Marilyn Monroe / Madonna,"Wade ""Unique"" Adams and Marley Rose with New Directions females","15. ""Girls (and Boys) On Film""",Yes,The Complete Season Four[5],4
"""In Your Eyes""",Peter Gabriel,Will Schuester with New Directions,"15. ""Girls (and Boys) On Film""",Yes,The Complete Season Four[5],4
"""Unchained Melody""",The Righteous Brothers,Jake Puckerman and Ryder Lynn,"15. ""Girls (and Boys) On Film""",Yes,The Complete Season Four[5],4
"""Footloose""",Kenny Loggins,Sam Evans and Artie Abrams with New Directions,"15. ""Girls (and Boys) On Film""",Yes,The Complete Season Four[5],4
"""How to Be a Heartbreaker""",Marina and the Diamonds,Brody Weston and Rachel Berry with escorts and female clients,"16. ""Feud""",Yes,The Complete Season Four[5],4
"""The Bitch Is Back"" / ""Dress You Up""",Elton John / Madonna,"Ryder Lynn and Wade ""Unique"" Adams with New Directions","16. ""Feud""",Yes,The Complete Season Four[5],4
"""Cold Hearted""",Paula Abdul,Santana Lopez with NYADA students,"16. ""Feud""",Yes,The Complete Season Four[5],4
"""Bye Bye Bye"" / ""I Want It That Way""",'N Sync / Backstreet Boys,Will Schuester and Finn Hudson with New Directions males,"16. ""Feud""",Yes,The Complete Season Four[5],4
"""I Still Believe"" / ""Super Bass""",Mariah Carey / Nicki Minaj,Blaine Anderson and Sue Sylvester with the McKinley High Cheerios,"16. ""Feud""",Yes,The Complete Season Four[5],4
"""Closer""",Tegan and Sara,Ryder Lynn and Jake Puckerman with New Directions,"16. ""Feud""",Yes,The Complete Season Four[5],4
"""Wake Me Up Before You Go-Go""",Wham!,Blaine Anderson and Sam Evans with New Directions,"17. ""Guilty Pleasures""",Yes,The Complete Season Four[5],4
"""Copacabana""",Barry Manilow,Sam Evans with New Directions,"17. ""Guilty Pleasures""",Yes,The Complete Season Four[5],4
"""Against All Odds (Take a Look at Me Now)""",Phil Collins,Blaine Anderson,"17. ""Guilty Pleasures""",Yes,The Complete Season Four[5],4
"""Wannabe""",Spice Girls,New Directions females,"17. ""Guilty Pleasures""",Yes,The Complete Season Four[5],4
"""My Prerogative""",Bobby Brown,Jake Puckerman with New Directions,"17. ""Guilty Pleasures""",Yes,The Complete Season Four[5],4
"""Creep""",Radiohead,Brody Weston and Rachel Berry,"17. ""Guilty Pleasures""",Yes,The Complete Season Four[5],4
"""Mamma Mia""",ABBA,"Rachel Berry, Santana Lopez, Kitty Wilde, Marley Rose, Sam Evans, Blaine Anderson and Wade ""Unique"" Adams with Kurt Hummel and New Directions","17. ""Guilty Pleasures""",Yes,The Complete Season Four[5],4
"""Your Song""",Elton John,Ryder Lynn,"18. ""Shooting Star""",Yes,The Complete Season Four[5],4
"""More Than Words""",Extreme,Sam Evans and Brittany Pierce with New Directions,"18. ""Shooting Star""",Yes,The Complete Season Four[5],4
"""Say""",John Mayer,New Directions,"18. ""Shooting Star""",Yes,The Complete Season Four[5],4
"""Next to Me""",Emeli Sandé,Shelby Corcoran and Rachel Berry,"19. ""Sweet Dreams""",Yes,The Complete Season Four[5],4
"""(You Gotta) Fight for Your Right (To Party!)""",Beastie Boys,Finn Hudson and Noah Puckerman with fraternity partygoers,"19. ""Sweet Dreams""",Yes,The Complete Season Four[5],4
"""You Have More Friends Than You Know""",Jeff Marx,"Marley Rose, Blaine Anderson, Wade ""Unique"" Adams and Sam Evans","19. ""Sweet Dreams""",Yes,The Complete Season Four[5],4
"""Don't Stop Believin'""",Journey,Rachel Berry with original New Directions,"19. ""Sweet Dreams""",Yes,The Complete Season Four[5],4
"""Outcast""",Original composition,"Marley Rose, Jake Puckerman, Wade ""Unique"" Adams and Ryder Lynn with New Directions","19. ""Sweet Dreams""",Yes,The Complete Season Four[5],4
"""The Star-Spangled Banner""",Traditional,Frida Romero,"20. ""Lights Out""",No,No,4
"""You've Lost That Lovin' Feelin'""",The Righteous Brothers,Sam Evans and Ryder Lynn with New Directions,"20. ""Lights Out""",Yes,The Complete Season Four[5],4
"""Everybody Hurts""",R.E.M.,Ryder Lynn,"20. ""Lights Out""",Yes,The Complete Season Four[5],4
"""We Will Rock You""",Queen,New Directions,"20. ""Lights Out""",Yes,The Complete Season Four[5],4
"""Little Girls""",Annie,Sue Sylvester,"20. ""Lights Out""",Yes,The Complete Season Four[5],4
"""At the Ballet""",A Chorus Line,"Santana Lopez, Kurt Hummel, Rachel Berry and Isabelle Wright","20. ""Lights Out""",Yes,The Complete Season Four[5],4
"""The Longest Time""",Billy Joel,"Artie Abrams, Kitty Wilde, Sam Evans, Marley Rose, Ryder Lynn and Jake Puckerman with New Directions","20. ""Lights Out""",Yes,The Complete Season Four[5],4
"""Signed, Sealed, Delivered I'm Yours""",Stevie Wonder,Kitty Wilde with New Directions,"21. ""Wonder-ful""",Yes,The Complete Season Four[5],4
"""Superstition""",Stevie Wonder,"Mercedes Jones, Marley Rose and Blaine Anderson with New Directions","21. ""Wonder-ful""",Yes,The Complete Season Four[5],4
"""You Are the Sunshine of My Life""",Stevie Wonder,"Kurt Hummel with Tina Cohen-Chang, Marley Rose and Kitty Wilde","21. ""Wonder-ful""",Yes,The Complete Season Four[5],4
"""I Wish""",Stevie Wonder,"Jake Puckerman with Mike Chang, Marley Rose and New Directions","21. ""Wonder-ful""",Yes,The Complete Season Four[5],4
"""Uptight (Everything's Alright)""",Stevie Wonder,Cassandra July with NYADA students,"21. ""Wonder-ful""",Yes,The Complete Season Four[5],4
"""Higher Ground""",Stevie Wonder,Mercedes Jones,"21. ""Wonder-ful""",Yes,The Complete Season Four[5],4
"""For Once in My Life""",Stevie Wonder,"Artie Abrams with Kitty Wilde, Blaine Anderson, Tina Cohen-Chang, Ryder Lynn, Sam Evans, Marley Rose, Wade ""Unique"" Adams and New Directions","21. ""Wonder-ful""",Yes,The Complete Season Four[5],4
"""To Love You More""",Celine Dion,Rachel Berry,"22. ""All or Nothing""",Yes,The Complete Season Four[5],4
"""Rainbow Connection""",Kermit the Frog,The Waffletoots,"22. ""All or Nothing""",Yes,The Complete Season Four[5],4
"""Clarity""",Zedd feat. Foxes,Frida Romero and The Hoosierdaddies,"22. ""All or Nothing""",Yes,The Complete Season Four[5],4
"""Wings""",Little Mix,Frida Romero and The Hoosierdaddies,"22. ""All or Nothing""",Yes,The Complete Season Four[5],4
"""Hall of Fame""",The Script feat. will.i.am,"Jake Puckerman, Ryder Lynn, Sam Evans, Joe Hart and Artie Abrams with New Directions","22. ""All or Nothing""",Yes,The Complete Season Four[5],4
"""I Love It""",Icona Pop feat. Charli XCX,"Tina Cohen-Chang, Kitty Wilde, Marley Rose, Wade ""Unique"" Adams, Sugar Motta and Brittany Pierce with New Directions","22. ""All or Nothing""",Yes,The Complete Season Four[5],4
"""All or Nothing""",Original composition,Marley Rose and Blaine Anderson with New Directions,"22. ""All or Nothing""",Yes,The Complete Season Four[5],4
"""Yesterday""",The Beatles,Rachel Berry,"1. ""Love, Love, Love""",Yes,Sings the Beatles,5
"""Drive My Car""",The Beatles,Artie Abrams and Kitty Wilde with New Directions,"1. ""Love, Love, Love""",Yes,Sings the Beatles,5
"""Got to Get You into My Life""",The Beatles,Kurt Hummel and Blaine Anderson with the McKinley High marching band,"1. ""Love, Love, Love""",Yes,Sings the Beatles,5
"""You've Got to Hide Your Love Away""",The Beatles,Artie Abrams and Kitty Wilde,"1. ""Love, Love, Love""",Yes,Sings the Beatles,5
"""Help!""",The Beatles,"Blaine Anderson and Sam Evans with New Directions, Vocal Adrenaline, Haverbrook School for the Deaf and Dalton Academy Warblers","1. ""Love, Love, Love""",Yes,Sings the Beatles,5
"""A Hard Day's Night""",The Beatles,Rachel Berry and Santana Lopez with Spotlight Diner co-workers,"1. ""Love, Love, Love""",Yes,Sings the Beatles,5
"""I Saw Her Standing There""",The Beatles,New Directions Males except Artie Abrams,"1. ""Love, Love, Love""",Yes,Sings the Beatles,5
"""All You Need Is Love/She Loves You""",The Beatles,"Blaine Anderson with New Directions, Dalton Academy Warblers, Vocal Adrenaline, Haverbrook School for the Deaf, Rachel Berry, Burt Hummel, Mercedes Jones, Santana Lopez and Will Schuester","1. ""Love, Love, Love""",Yes,Sings the Beatles,5
"""Revolution""",The Beatles,Tina Cohen-Chang,"2. ""Tina in the Sky with Diamonds""",No,N/A,5
"""Get Back""",The Beatles,Kurt Hummel and Rachel Berry with NYADA students,"2. ""Tina in the Sky with Diamonds""",Yes,Sings the Beatles,5
"""Something""",The Beatles,Sam Evans with Ryder Lynn and Jake Puckerman,"2. ""Tina in the Sky with Diamonds""",Yes,Sings the Beatles,5
"""Here Comes the Sun""",The Beatles,Dani and Santana Lopez,"2. ""Tina in the Sky with Diamonds""",Yes,Sings the Beatles,5
"""Sgt. Pepper's Lonely Hearts Club Band""",The Beatles,"Jake Puckerman, Ryder Lynn, Wade ""Unique"" Adams and Marley Rose","2. ""Tina in the Sky with Diamonds""",Yes,Sings the Beatles,5
"""Hey Jude""",The Beatles,"Blaine Anderson, Kitty Wilde, Tina Cohen-Chang and Sam Evans with New Directions","2. ""Tina in the Sky with Diamonds""",Yes,Sings the Beatles,5
"""Let It Be""",The Beatles,"Rachel Berry, Santana Lopez, Kurt Hummel and New Directions","2. ""Tina in the Sky with Diamonds""",Yes,Sings the Beatles,5
"""Seasons of Love""",Rent,"Mercedes Jones, Santana Lopez, Kurt Hummel, Noah Puckerman, Mike Chang, Tina Cohen-Chang and New Directions","3. ""The Quarterback""",Yes,The Quarterback,5
"""I'll Stand by You""",The Pretenders,Mercedes Jones with New Directions,"3. ""The Quarterback""",Yes,The Quarterback,5
"""Fire and Rain""",James Taylor,Artie Abrams and Sam Evans with New Directions,"3. ""The Quarterback""",Yes,The Quarterback,5
"""If I Die Young""",The Band Perry,Santana Lopez with New Directions,"3. ""The Quarterback""",Yes,The Quarterback,5
"""No Surrender""",Bruce Springsteen,Noah Puckerman,"3. ""The Quarterback""",Yes,The Quarterback,5
"""Make You Feel My Love""",Adele,Rachel Berry,"3. ""The Quarterback""",Yes,The Quarterback,5
"""Marry the Night""",Lady Gaga,"Elliott ""Starchild"" Gilbert","4. ""A Katy or a Gaga""",Yes,A Katy or a Gaga,5
"""Applause""",Lady Gaga,"Sam Evans, Blaine Anderson, Artie Abrams, Ryder Lynn and Marley Rose","4. ""A Katy or a Gaga""",Yes,A Katy or a Gaga,5
"""Wide Awake""",Katy Perry,"Jake Puckerman, Tina Cohen-Chang, Kitty Wilde and Wade ""Unique"" Adams","4. ""A Katy or a Gaga""",Yes,A Katy or a Gaga,5
"""Roar""",Katy Perry,"Tina Cohen-Chang, Wade ""Unique"" Adams, Kitty Wilde, Sam Evans, Rachel Berry, Elliott ""Starchild"" Gilbert, Dani and Santana Lopez with New Directions and Kurt Hummel","4. ""A Katy or a Gaga""",Yes,A Katy or a Gaga,5
"""You Are Woman, I Am Man""",Funny Girl,Paolo San Pablo and Rachel Berry,"5. ""The End of Twerk""",Yes,TBA,5
"""Blurred Lines""",Robin Thicke feat. T.I. and Pharrell,"Will Schuester, Artie Abrams, Jake Puckerman and Bree with New Directions and McKinley High students","5. ""The End of Twerk""",Yes,TBA,5
"""If I Were a Boy""",Beyoncé,"Wade ""Unique"" Adams","5. ""The End of Twerk""",Yes,TBA,5
"""Wrecking Ball""",Miley Cyrus,Marley Rose,"5. ""The End of Twerk""",Yes,TBA,5
"""On Our Way""",The Royal Concept,New Directions,"5. ""The End of Twerk""",Yes,TBA,5
"""Movin' Out (Anthony's Song)""",Billy Joel,Blaine Anderson and Sam Evans with New Directions,"6. ""Movin' Out""",Yes,Movin' Out,5
"""Piano Man""",Billy Joel,Blaine Anderson with Spotlight Diner patrons and employees,"6. ""Movin' Out""",Yes,Movin' Out,5
"""My Life""",Billy Joel,Jake Puckerman with New Directions females and the McKinley High Cheerios,"6. ""Movin' Out""",Yes,Movin' Out,5
"""Honesty""",Billy Joel,Artie Abrams,"6. ""Movin' Out""",Yes,Movin' Out,5
"""An Innocent Man""",Billy Joel,Ryder Lynn,"6. ""Movin' Out""",Yes,Movin' Out,5
"""Just the Way You Are""",Billy Joel,"Kurt Hummel, Blaine Anderson, Rachel Berry, Sam Evans and Santana Lopez","6. ""Movin' Out""",Yes,Movin' Out,5
"""You May Be Right""",Billy Joel,"Will Schuester, Artie Abrams, Kitty Wilde, Ryder Lynn and Jake Puckerman with New Directions and McKinley High students","6. ""Movin' Out""",Yes,Movin' Out,5
"""Into the Groove""",Madonna,Pamela Lansbury,"7. ""Puppet Master""",Yes,TBA,5
"""You're My Best Friend""",Queen,Blaine Anderson with New Directions puppets,"7. ""Puppet Master""",Yes,TBA,5
"""Nasty"" / ""Rhythm Nation""",Janet Jackson,"Jake Puckerman, Marley Rose and Bree with the McKinley High Cheerios","7. ""Puppet Master""",Yes,TBA,5
"""Cheek to Cheek""",Fred Astaire,Will Schuester and Sue Sylvester,"7. ""Puppet Master""",Yes,TBA,5
"""The Fox (What Does the Fox Say?)""",Ylvis,New Directions and Pamela Lansbury,"7. ""Puppet Master""",Yes,TBA,5
"""Here Comes Santa Claus""",Bing Crosby and The Andrews Sisters,"Kurt Hummel, Santana Lopez and Rachel Berry with mall elves","8. ""Previously Unaired Christmas""",Yes,The Christmas Album Volume 4,5
"""Rockin' Around the Christmas Tree""",Brenda Lee,"Artie Abrams, Will Schuester, Jake Puckerman, Kitty Wilde and Marley Rose with New Directions","8. ""Previously Unaired Christmas""",Yes,The Christmas Album Volume 4,5
"""Mary's Boy Child""",Boney M.,"Marley Rose, Wade ""Unique"" Adams and Tina Cohen-Chang","8. ""Previously Unaired Christmas""",Yes,The Christmas Album Volume 4,5
"""The Chipmunk Song (Christmas Don't Be Late)""",Alvin and the Chipmunks,"Rachel Berry, Kurt Hummel and Santana Lopez with Cody Tolentino","8. ""Previously Unaired Christmas""",Yes,The Christmas Album Volume 4,5
"""Love Child""",Diana Ross & the Supremes,"Wade ""Unique"" Adams with Tina Cohen-Chang, Marley Rose and New Directions except Kitty Wilde","8. ""Previously Unaired Christmas""",Yes,The Christmas Album Volume 4,5
"""Away in a Manger""",Traditional,"Santana Lopez, Rachel Berry, Kurt Hummel and Kitty Wilde with New Directions","8. ""Previously Unaired Christmas""",Yes,The Christmas Album Volume 4,5
"""Whenever I Call You Friend""",Kenny Loggins and Stevie Nicks,Artie Abrams and Tina Cohen-Chang with New Directions,"9. ""Frenemies""",Yes,TBA,5
"""Brave""",Sara Bareilles,Santana Lopez and Rachel Berry,"9. ""Frenemies""",Yes,TBA,5
"""My Lovin' (You're Never Gonna Get It)""",En Vogue,Artie Abrams and Tina Cohen-Chang with New Directions and Will Schuester,"9. ""Frenemies""",Yes,TBA,5
"""Beautiful Dreamer""",Stephen Foster,Funny Girl understudy auditionee,"9. ""Frenemies""",No,TBA,5
"""Don't Rain on My Parade""",Funny Girl,Santana Lopez,"9. ""Frenemies""",Yes,TBA,5
"""I Believe in a Thing Called Love""",The Darkness,"Elliott ""Starchild"" Gilbert and Kurt Hummel","9. ""Frenemies""",Yes,TBA,5
"""Every Breath You Take""",The Police,Rachel Berry and Santana Lopez,"9. ""Frenemies""",Yes,TBA,5
"""Breakaway""",Kelly Clarkson,"Tina Cohen-Chang, Artie Abrams and Blaine Anderson with New Directions","9. ""Frenemies""",Yes,TBA,5
"""Jumpin', Jumpin'""",Destiny's Child,"Tina Cohen-Chang, Blaine Anderson and Sam Evans","10. ""Trio""",Yes,TBA,5
"""Barracuda""",Heart,"Elliott ""Starchild"" Gilbert and Rachel Berry","10. ""Trio""",Yes,TBA,5
"""Don't You (Forget About Me)""",Simple Minds,"Sam Evans, Blaine Anderson and Tina Cohen-Chang","10. ""Trio""",Yes,TBA,5
"""Danny's Song""",Loggins and Messina,Will Schuester and Emma Pillsbury,"10. ""Trio""",Yes,TBA,5
"""Gloria""",Laura Branigan,"Santana Lopez, Elliott ""Starchild"" Gilbert and Rachel Berry","10. ""Trio""",Yes,TBA,5
"""The Happening""",The Supremes,"Kurt Hummel, Dani and Elliott ""Starchild"" Gilbert","10. ""Trio""",Yes,TBA,5
"""Hold On""",Wilson Phillips,"Tina Cohen-Chang, Blaine Anderson, Artie Abrams, Sam Evans, Kurt Hummel, Elliott ""Starchild"" Gilbert, Rachel Berry, Santana Lopez and Dani","10. ""Trio""",Yes,TBA,5
"""I Love L.A.""",Randy Newman,"Will Schuester, Blaine Anderson, Artie Abrams, Sam Evans and Jake Puckerman with New Directions","11. ""City of Angels""",Yes,City of Angels,5
"""Vacation""",The Go-Go's,The Amazonians,"11. ""City of Angels""",Yes,City of Angels,5
"""Mr. Roboto"" / ""Counting Stars""",Styx / OneRepublic,Jean-Baptiste and Throat Explosion,"11. ""City of Angels""",Yes,City of Angels,5
"""More Than a Feeling""",Boston,Blaine Anderson and Tina Cohen-Chang with New Directions,"11. ""City of Angels""",Yes,City of Angels,5
"""America""",Neil Diamond,"Artie Abrams, Sam Evans, Kitty Wilde, and Wade ""Unique"" Adams with New Directions","11. ""City of Angels""",Yes,City of Angels,5
"""I Still Haven't Found What I'm Looking For""",U2,"Sam Evans, Blaine Anderson, Artie Abrams and Tina Cohen-Chang with New Directions","11. ""City of Angels""",Yes,City of Angels,5
"""Raise Your Glass""",Pink,April Rhodes and Will Schuester with original and current New Directions members,"12. ""100""",Yes,Celebrating 100 Episodes,5
"""Toxic""",Britney Spears,"Quinn Fabray, Santana Lopez and Brittany Pierce","12. ""100""",Yes,Celebrating 100 Episodes,5
"""Defying Gravity""",Wicked,"Mercedes Jones, Kurt Hummel and Rachel Berry","12. ""100""",Yes,Celebrating 100 Episodes,5
"""Valerie""",Mark Ronson feat. Amy Winehouse,Santana Lopez and Brittany Pierce with Mike Chang and Jake Puckerman,"12. ""100""",Yes,Celebrating 100 Episodes,5
"""Keep Holding On""",Avril Lavigne,Noah Puckerman with original and current New Directions members,"12. ""100""",Yes,Celebrating 100 Episodes,5
"""Happy""",Pharrell Williams,"Holly Holliday, April Rhodes, Will Schuester, Blaine Anderson and Mercedes Jones with original and current New Directions members","12. ""100""",Yes,Celebrating 100 Episodes,5
"""I Am Changing""",Dreamgirls,Kurt Hummel and Mercedes Jones,"13. ""New Directions""",Yes,Celebrating 100 Episodes,5
"""Party All the Time""",Eddie Murphy,Holly Holliday with current and former McKinley High students and Will Schuester,"13. ""New Directions""",Yes,Celebrating 100 Episodes,5
"""Loser like Me (Acoustic)""",Original composition,"Blaine Anderson, Sam Evans, Tina Cohen-Chang and Artie Abrams","13. ""New Directions""",Yes,Celebrating 100 Episodes,5
"""Be Okay""",Oh Honey,Rachel Berry and Santana Lopez,"13. ""New Directions""",Yes,Celebrating 100 Episodes,5
"""Just Give Me a Reason""",Pink feat. Nate Ruess,Quinn Fabray and Noah Puckerman,"13. ""New Directions""",Yes,Celebrating 100 Episodes,5
"""Don't Stop Believin'""",Journey,"Rachel Berry, Blaine Anderson, Artie Abrams, Tina Cohen-Chang, Kurt Hummel, and Will Schuester with New Directions","13. ""New Directions""",Yes,Celebrating 100 Episodes,5
"""Downtown""",Petula Clark,"Rachel Berry, Kurt Hummel, Blaine Anderson, Artie Abrams and Sam Evans","14. ""New New York""",Yes,New New York,5
"""You Make Me Feel So Young""",Frank Sinatra,Blaine Anderson and Kurt Hummel,"14. ""New New York""",Yes,New New York,5
"""Best Day of My Life""",American Authors,Blaine Anderson and Sam Evans with Beat Club Crew dancers,"14. ""New New York""",Yes,New New York,5
"""Rockstar""",A Great Big World,"Elliott ""Starchild"" Gilbert and Kurt Hummel","14. ""New New York""",Yes,New New York,5
"""Don't Sleep in the Subway""",Petula Clark,Rachel Berry and Artie Abrams with subway riders,"14. ""New New York""",Yes,New New York,5
"""People""",Funny Girl,Rachel Berry,"14. ""New New York""",Yes,New New York,5
"""No One Is Alone""",Into the Woods,"Rachel Berry, Kurt Hummel and Blaine Anderson","15. ""Bash""",Yes,Bash,5
"""(You Make Me Feel Like) A Natural Woman""",Aretha Franklin,Mercedes Jones,"15. ""Bash""",Yes,Bash,5
"""Broadway Baby""",Follies,Rachel Berry and Blaine Anderson,"15. ""Bash""",Yes,Bash,5
"""Not While I'm Around""",Sweeney Todd: The Demon Barber of Fleet Street,"Blaine Anderson, Rachel Berry, Mercedes Jones, and Sam Evans","15. ""Bash""",Yes,Bash,5
"""Colorblind""",Amber Riley,Mercedes Jones,"15. ""Bash""",Yes,Bash,5
"""I'm Still Here""",Follies,Kurt Hummel,"15. ""Bash""",Yes,Bash,5
"""Addicted to Love""",Robert Palmer,"Artie Abrams with Jessica, Julie, Vanessa and female admirers","16. ""Tested""",Yes,Tested,5
"""I Want to Know What Love Is""",Foreigner,Mercedes Jones with church choir,"16. ""Tested""",Yes,Tested,5
"""Love Is a Battlefield""",Pat Benatar,Blaine Anderson and Kurt Hummel,"16. ""Tested""",Yes,Tested,5
"""Let's Wait Awhile""",Janet Jackson,Mercedes Jones and Artie Abrams with Sam Evans,"16. ""Tested""",Yes,Tested,5
"""Lovefool""",The Cardigans,"Rachel Berry with Blaine Anderson, Tina Cohen-Chang, Sam Evans, Kurt Hummel and Santana Lopez","17. ""Opening Night""",Yes,Opening Night,5
"""N.Y.C.""",Annie,Sue Sylvester and Will Schuester,"17. ""Opening Night""",Yes,Opening Night,5
"""I'm the Greatest Star""",Funny Girl,Rachel Berry,"17. ""Opening Night""",Yes,Opening Night,5
"""Who Are You Now?""",Funny Girl,Rachel Berry and Sue Sylvester,"17. ""Opening Night""",Yes,Opening Night,5
"""Pumpin Blood""",NONONO,Rachel Berry with Mercedes Jones and Santana Lopez,"17. ""Opening Night""",Yes,Opening Night,5
"""Wake Me Up""",Avicii feat. Aloe Blacc,Rachel Berry,"18. ""Back-up Plan""",Yes,The Back-Up Plan,5
"""Doo Wop (That Thing)""",Lauryn Hill,Mercedes Jones and Santana Lopez,"18. ""Back-up Plan""",Yes,The Back-Up Plan,5
"""Story of My Life""",One Direction,Kurt Hummel and Blaine Anderson,"18. ""Back-up Plan""",Yes,The Back-Up Plan,5
"""Piece of My Heart""",Big Brother and the Holding Company,June Dolloway and Blaine Anderson,"18. ""Back-up Plan""",Yes,The Back-Up Plan,5
"""The Rose""",Bette Midler,Rachel Berry,"18. ""Back-up Plan""",Yes,The Back-Up Plan,5
"""I Melt with You""",Modern English,"Sam Evans, Rachel Berry and Mercedes Jones with Artie Abrams","19. ""Old Dog, New Tricks""",Yes,"Old Dog, New Tricks",5
"""Memory""",Cats,Kurt Hummel and Maggie Banks with Lexington Home retirees,"19. ""Old Dog, New Tricks""",Yes,"Old Dog, New Tricks",5
"""Werewolves of London""",Warren Zevon,Sam Evans and Artie Abrams,"19. ""Old Dog, New Tricks""",Yes,"Old Dog, New Tricks",5
"""Lucky Star""",Madonna,Kurt Hummel and Maggie Banks with Lexington Home retirees,"19. ""Old Dog, New Tricks""",Yes,"Old Dog, New Tricks",5
"""Take Me Home Tonight""",Eddie Money,"Artie Abrams, Blaine Anderson, Maggie Banks, Rachel Berry, Sam Evans, Kurt Hummel, Mercedes Jones and Santana Lopez with Lexington Home retirees","19. ""Old Dog, New Tricks""",Yes,"Old Dog, New Tricks",5
"""Shakin' My Head""",Original composition,Mercedes Jones with Brittany Pierce and backup dancers,"20. ""The Untitled Rachel Berry Project""",Yes,The Untitled Rachel Berry Project,5
"""All of Me""",John Legend,Blaine Anderson,"20. ""The Untitled Rachel Berry Project""",Yes,The Untitled Rachel Berry Project,5
"""Girls on Film""",Duran Duran,Sam Evans with Charlie Darlene and female models,"20. ""The Untitled Rachel Berry Project""",Yes,The Untitled Rachel Berry Project,5
"""Glitter in the Air""",Pink,Rachel Berry,"20. ""The Untitled Rachel Berry Project""",Yes,The Untitled Rachel Berry Project'',5
"""No Time at All""",Pippin,June Dolloway and Blaine Anderson with concert audience,"20. ""The Untitled Rachel Berry Project""",Yes,The Untitled Rachel Berry Project,5
"""American Boy""",Estelle feat. Kanye West,Blaine Anderson and Kurt Hummel,"20. ""The Untitled Rachel Berry Project""",Yes,The Untitled Rachel Berry Project,5
"""Pompeii""",Bastille,"Rachel Berry, Kurt Hummel, Mercedes Jones, Blaine Anderson, Sam Evans, Artie Abrams,and Brittany Pierce with New York citizens","20. ""The Untitled Rachel Berry Project""",Yes,The Untitled Rachel Berry Project,5
"""Uninvited""",Alanis Morissette,Rachel Berry,"1. ""Loser Like Me""",Yes,Loser Like Me,6
"""Suddenly Seymour""",Little Shop of Horrors,Blaine Anderson and Rachel Berry,"1. ""Loser Like Me""",Yes,Loser Like Me,6
"""Sing""",Ed Sheeran,"Skylar, Blaine Anderson and Dalton Academy Warblers","1. ""Loser Like Me""",Yes,Loser Like Me,6
"""Dance the Night Away""",Van Halen,Clint and Vocal Adrenaline,"1. ""Loser Like Me""",Yes,Loser Like Me,6
"""Let It Go""",Idina Menzel,Rachel Berry,"1. ""Loser Like Me""",Yes,Loser Like Me,6
"""Viva Voce""",The Rocketboys,Roderick,"2. ""Homecoming""",No,No,6
"""Take On Me""",A-ha,New Directions alumni,"2. ""Homecoming""",Yes,Homecoming,6
"""Tightrope""",Janelle Monáe feat. Big Boi,Jane Hayward with Dalton Academy Warblers,"2. ""Homecoming""",Yes,Homecoming,6
"""Problem""",Ariana Grande feat. Iggy Azalea,"Quinn Fabray, Brittany Pierce and Santana Lopez with Artie Abrams and McKinley High Cheerios","2. ""Homecoming""",Yes,Homecoming,6
"""Mustang Sally""",Wilson Pickett,"Roderick with Quinn Fabray, Santana Lopez and Brittany Pierce","2. ""Homecoming""",Yes,Homecoming,6
"""Home""",Edward Sharpe and the Magnetic Zeros,"New Directions alumni, New Directions and Spencer Porter","2. ""Homecoming""",Yes,Homecoming,6
"""It's Too Late""",Carole King,Kurt Hummel and Blaine Anderson,"3. ""Jagged Little Tapestry""",Yes,Jagged Little Tapestry,6
"""Hand in My Pocket"" / ""I Feel the Earth Move""",Alanis Morissette / Carole King,Santana Lopez and Brittany Pierce,"3. ""Jagged Little Tapestry""",Yes,Jagged Little Tapestry,6
"""Will You Love Me Tomorrow"" / ""Head over Feet""",Carole King / Alanis Morissette,Jane Hayward and Mason McCarthy,"3. ""Jagged Little Tapestry""",Yes,Jagged Little Tapestry,6
"""So Far Away""",Carole King,Quinn Fabray and Tina Cohen-Chang,"3. ""Jagged Little Tapestry""",Yes,Jagged Little Tapestry,6
"""You Learn"" / ""You've Got a Friend""",Alanis Morissette / Carole King,"Rachel Berry, Santana Lopez, Brittany Pierce, Kurt Hummel, Tina Cohen-Chang and Quinn Fabray with Noah Puckerman and New Directions","3. ""Jagged Little Tapestry""",Yes,Jagged Little Tapestry,6
"""Bitch""",Meredith Brooks,Sue Sylvester,"4. ""The Hurt Locker, Part One""",Yes,The Hurt Locker,6
"""A Thousand Miles""",Vanessa Carlton,Rachel Berry and Sam Evans,"4. ""The Hurt Locker, Part One""",Yes,The Hurt Locker,6
"""Rock Lobster""",The B-52's,Clint and Vocal Adrenaline,"4. ""The Hurt Locker, Part One""",Yes,The Hurt Locker,6
"""Whip It""",Devo,Clint and Vocal Adrenaline,"4. ""The Hurt Locker, Part One""",Yes,The Hurt Locker,6
"""My Sharona""",The Knack,Skylar and Dalton Academy Warblers,"5. ""The Hurt Locker, Part Two""",Yes,"The Hurt Locker, Part 2",6
"""You Spin Me Round (Like a Record)""",Dead or Alive,Skylar and Dalton Academy Warblers,"5. ""The Hurt Locker, Part Two""",Yes,"The Hurt Locker, Part 2",6
"""It Must Have Been Love""",Roxette,Kitty Wilde and Spencer Porter with New Directions,"5. ""The Hurt Locker, Part Two""",Yes,"The Hurt Locker, Part 2",6
"""Father Figure""",George Michael,Roderick with New Directions,"5. ""The Hurt Locker, Part Two""",Yes,"The Hurt Locker, Part 2",6
"""All Out of Love""",Air Supply,"Mason McCarthy, Madison McCarthy, and Jane Hayward with New Directions","5. ""The Hurt Locker, Part Two""",Yes,"The Hurt Locker, Part 2",6
"""I'll Never Fall in Love Again""",Dionne Warwick,Rachel Berry and Sam Evans,"6. ""What the World Needs Now""",Yes,What the World Needs Now Is Love,6
"""Baby It's You""",The Shirelles,"Mercedes Jones with Rachel Berry, Santana Lopez and Brittany Pierce","6. ""What the World Needs Now""",Yes,What the World Needs Now Is Love,6
"""Wishin' and Hopin'""",Dusty Springfield,"Brittany Pierce, Artie Abrams, Blaine Anderson and Sam Evans with angel choir","6. ""What the World Needs Now""",Yes,What the World Needs Now Is Love,6
"""Arthur's Theme (Best That You Can Do)""",Christopher Cross,"Blaine Anderson, Artie Abrams and New Directions males with Sam Evans and Kurt Hummel","6. ""What the World Needs Now""",Yes,What the World Needs Now Is Love,6
"""(They Long to Be) Close to You""",The Carpenters,Sam Evans,"6. ""What the World Needs Now""",Yes,What the World Needs Now Is Love,6
"""Promises, Promises""","Promises, Promises",Rachel Berry,"6. ""What the World Needs Now""",Yes,What the World Needs Now Is Love,6
"""Alfie""",Cilla Black,Santana Lopez with New Directions and alumni,"6. ""What the World Needs Now""",Yes,What the World Needs Now Is Love,6
"""What the World Needs Now""",Jackie DeShannon,"Mercedes Jones, Rachel Berry, Artie Abrams, Kurt Hummel, Will Schuester and Sam Evans with New Directions and alumni","6. ""What the World Needs Now""",Yes,What the World Needs Now Is Love,6
"""You Give Love a Bad Name""",Bon Jovi,Clint and Vocal Adrenaline,"7. ""Transitioning""",Yes,Transitioning,6
"""Same Love""",Macklemore & Ryan Lewis feat. Mary Lambert,"Will Schuester and Wade ""Unique"" Adams","7. ""Transitioning""",Yes,Transitioning,6
"""All About That Bass""",Meghan Trainor,Mercedes Jones and Roderick,"7. ""Transitioning""",Yes,Transitioning,6
"""Somebody Loves You""",Betty Who,Blaine Anderson and Kurt Hummel,"7. ""Transitioning""",Yes,Transitioning,6
"""Time After Time""",Cyndi Lauper,Rachel Berry and Sam Evans,"7. ""Transitioning""",Yes,Transitioning,6
"""I Know Where I've Been""",Hairspray,"Wade ""Unique"" Adams with transgender choir and Sheldon Beiste","7. ""Transitioning""",Yes,Transitioning,6
"""At Last""",Etta James,Mercedes Jones and Artie Abrams,"8. ""A Wedding""",Yes,A Wedding,6
"""Hey Ya!""",OutKast,"Artie Abrams with Jane Hayward, Madison McCarthy and the wedding guests","8. ""A Wedding""",Yes,A Wedding,6
"""I'm So Excited""",The Pointer Sisters,"Maribel Lopez, Whitney Pierce, Carole Hudson-Hummel, Pam Anderson and the Troubletones","8. ""A Wedding""",Yes,A Wedding,6
"""Our Day Will Come""",Ruby & the Romantics,"Santana Lopez, Brittany Pierce, Blaine Anderson and Kurt Hummel","8. ""A Wedding""",Yes,A Wedding,6
"""Lose My Breath""",Destiny's Child,Myron Muskovitz with female backup dancers,"9. ""Child Star""",Yes,Child Star,6
"""Friday I'm in Love""",The Cure,Spencer Porter with New Directions,"9. ""Child Star""",Yes,Child Star,6
"""I Want to Break Free""",Queen,Mason McCarthy,"9. ""Child Star""",Yes,Child Star,6
"""Uptown Funk""",Mark Ronson feat. Bruno Mars,"Jane Hayward, Spencer Porter and Roderick with New Directions","9. ""Child Star""",Yes,Child Star,6
"""Break Free""",Ariana Grande feat. Zedd,"Rachel Berry, Myron Muskovitz, Sheldon Beiste, Will Schuester, Sue Sylvester, Sam Evans and New Directions","9. ""Child Star""",Yes,Child Star,6
"""Cool Kids""",Echosmith,New Directions,"9. ""Child Star""",Yes,Child Star,6
"""Rather Be""",Clean Bandit feat. Jess Glynne,New Directions,"10. ""The Rise and Fall of Sue Sylvester""",Yes,The Rise and Fall of Sue Sylvester,6
"""The Trolley Song""",Judy Garland,Sue Sylvester and Doris Sylvester,"10. ""The Rise and Fall of Sue Sylvester""",Yes,The Rise and Fall of Sue Sylvester,6
"""Far from Over""",Frank Stallone,Clint and Vocal Adrenaline,"10. ""The Rise and Fall of Sue Sylvester""",Yes,The Rise and Fall of Sue Sylvester,6
"""The Final Countdown""",Europe,Sue Sylvester and Will Schuester,"10. ""The Rise and Fall of Sue Sylvester""",Yes,The Rise and Fall of Sue Sylvester,6
"""Rise""",Original composition by Darren Criss,New Directions,"10. ""The Rise and Fall of Sue Sylvester""",Yes,The Rise and Fall of Sue Sylvester,6
"""Listen to Your Heart""",Roxette,Rachel Berry and Jesse St. James,"11. ""We Built This Glee Club""",Yes,We Built This Glee Club,6
"""Broken Wings""",Mr. Mister,The Falconers,"11. ""We Built This Glee Club""",No,No,6
"""We Built This City""",Starship,Clint and Vocal Adrenaline,"11. ""We Built This Glee Club""",Yes,We Built This Glee Club,6
"""Mickey""",Toni Basil,Clint and Vocal Adrenaline,"11. ""We Built This Glee Club""",Yes,We Built This Glee Club,6
"""Take Me to Church""",Hozier,"Roderick with Kitty Wilde, Skylar, Jane Hayward and New Directions","11. ""We Built This Glee Club""",Yes,We Built This Glee Club,6
"""Chandelier""",Sia,"Madison McCarthy with Kitty Wilde, Jane Hayward and New Directions","11. ""We Built This Glee Club""",Yes,We Built This Glee Club,6
"""Come Sail Away""",Styx,"Mason McCarthy with Madison McCarthy, Spencer Porter, Kitty Wilde and New Directions","11. ""We Built This Glee Club""",Yes,We Built This Glee Club,6
"""Popular""",Wicked,Rachel Berry and Kurt Hummel,"12. ""2009""",Yes,2009,6
"""Mister Cellophane""",Chicago,Kurt Hummel,"12. ""2009""",No,No,6
"""I'm His Child""",Zella Jackson Price,Mercedes Jones with church choir,"12. ""2009""",Yes,2009,6
"""I Kissed a Girl""",Katy Perry,Tina Cohen-Chang,"12. ""2009""",Yes,2009,6
"""Pony""",Ginuwine,Artie Abrams,"12. ""2009""",Yes,2009,6
"""Don't Stop Believin'""",Journey,New Directions,"12. ""2009""",Yes,2009,6
"""Teach Your Children""","Crosby, Stills, Nash & Young",Will Schuester,"13. ""Dreams Come True""",Yes,Dreams Come True,6
"""Someday We'll Be Together""",Diana Ross & the Supremes,Mercedes Jones with gospel choir,"13. ""Dreams Come True""",Yes,Dreams Come True,6
"""The Winner Takes It All""",ABBA,Sue Sylvester and Will Schuester,"13. ""Dreams Come True""",Yes,Dreams Come True,6
"""Daydream Believer""",The Monkees,Kurt Hummel and Blaine Anderson with schoolchildren,"13. ""Dreams Come True""",Yes,Dreams Come True,6
"""This Time""",Darren Criss,Rachel Berry,"13. ""Dreams Come True""",Yes,Dreams Come True,6
"""I Lived""",OneRepublic,show,"13. ""Dreams Come True""",Yes,Dreams Come True,6
